,タイム,上り,人気,備考,単勝,厩舎ｺﾒﾝﾄ,性齢,斤量,枠番,着差,着順,調教師,調教ﾀｲﾑ,賞金(万円),通過,馬主,馬体重,馬名,馬番,騎手,ﾀｲﾑ指数,場所,レース名,コース,天候,地面,発走
0,1:12.3,37.7,2,,3.4,,牡3,54,7,,1,[東]伊藤伸一,,510.0,1-1,田頭勇貴,454(-6),ドラゴンズバック,14,木幡育也,**,中山,3歳未勝利,ダ右1200m ,曇 ,稍重 ,10
1,1:12.7,37.5,1,,2.0,,牡3,56,3,2.1/2,2,[東]田島俊明,,200.0,6-6,ＹＧＧホースクラブ,476(0),スターファイター,6,マーフィ,**,中山,3歳未勝利,ダ右1200m ,曇 ,稍重 ,10
2,1:12.7,37.8,7,,26.9,,牡3,56,1,クビ,3,[東]和田雄二,,130.0,2-2,益田修一,448(+2),イデアイホマジョル,2,丸山元気,**,中山,3歳未勝利,ダ右1200m ,曇 ,稍重 ,10
3,1:12.9,37.9,3,,6.4,,牡3,56,7,1,4,[東]古賀史生,,77.0,5-3,鈴木康弘,520(0),ソラン,13,吉田豊,**,中山,3歳未勝利,ダ右1200m ,曇 ,稍重 ,10
4,1:13.5,37.6,4,,15.2,,牡3,56,6,3.1/2,5,[東]水野貴広,,51.0,12-11,コスモヴューファーム,446(-2),グランドストローク,11,武藤雅,**,中山,3歳未勝利,ダ右1200m ,曇 ,稍重 ,10
5,1:13.6,38.5,6,,26.6,,牝3,53,4,3/4,6,[東]相沢郁,,,6-7,石瀬浩三,466(+16),キク,8,野中悠太,**,中山,3歳未勝利,ダ右1200m ,曇 ,稍重 ,10
6,1:13.7,38.8,8,,27.9,,牡3,56,2,3/4,7,[東]清水英克,,,2-3,上野直樹,482(-6),コッヘル,4,津村明秀,**,中山,3歳未勝利,ダ右1200m ,曇 ,稍重 ,10
7,1:13.8,37.5,16,,601.4,,牡3,56,6,クビ,8,[東]武市康男,,,13-13,西村新一郎,468(+2),キリシマダイオウ,12,菅原隆一,**,中山,3歳未勝利,ダ右1200m ,曇 ,稍重 ,10
8,1:13.8,38.7,9,,33.8,,牡3,56,5,クビ,9,[東]藤原辰雄,,,6-7,渡邊善男,456(+4),ゼンダンロマン,9,松岡正海,**,中山,3歳未勝利,ダ右1200m ,曇 ,稍重 ,10
9,1:14.0,38.4,5,,23.2,,牡3,56,3,1,10,[東]久保田貴,,,9-9,尾田信夫,436(-2),ランバダフレイバー,5,内田博幸,**,中山,3歳未勝利,ダ右1200m ,曇 ,稍重 ,10
10,1:14.6,39.1,11,,51.1,,牡3,56,4,3.1/2,11,[東]加藤士津,,,9-9,染谷幸雄,446(0),タニセンシロッコ,7,江田照男,**,中山,3歳未勝利,ダ右1200m ,曇 ,稍重 ,10
11,1:14.7,38.3,14,,165.0,,牡3,56,8,1/2,12,[東]的場均,,,13-13,森中蕃,482(+2),シゲルケレス,15,的場勇人,**,中山,3歳未勝利,ダ右1200m ,曇 ,稍重 ,10
12,1:14.7,39.9,13,,114.1,,牡3,56,2,クビ,13,[東]畠山吉宏,,,2-3,河原義宏,504(+10),キンバーライト,3,ミナリク,**,中山,3歳未勝利,ダ右1200m ,曇 ,稍重 ,10
13,1:14.8,37.8,12,,87.3,,牡3,56,5,1/2,14,[東]加藤和宏,,,16-16,平本敏夫,522(0),ミスターサスケ,10,横山和生,**,中山,3歳未勝利,ダ右1200m ,曇 ,稍重 ,10
14,1:14.8,39.2,10,,40.4,,牡3,56,8,ハナ,15,[東]和田雄二,,,9-11,ターフ・スポート,466(+2),グランバル,16,大野拓弥,**,中山,3歳未勝利,ダ右1200m ,曇 ,稍重 ,10
15,1:15.0,38.2,15,,221.2,,牡3,55,1,1.1/4,16,[東]佐藤吉勝,,,15-15,スピードファーム,474(+16),ソリスト,1,菊沢一樹,**,中山,3歳未勝利,ダ右1200m ,曇 ,稍重 ,10
0,1:56.9,38.9,2,,3.1,,牝3,54,6,,1,[東]上原博之,,510.0,3-3-3-2,成塚清志,442(+4),ナリノクリスティー,10,Ｍ．デム,**,中山,3歳未勝利,ダ右1800m ,曇 ,稍重 ,10
1,1:57.6,39.2,4,,5.9,,牝3,54,5,4,2,[東]中舘英二,,200.0,6-7-6-4,吉岡輝美,434(+8),タッシーアレッタ,8,松岡正海,**,中山,3歳未勝利,ダ右1800m ,曇 ,稍重 ,10
2,1:57.7,39.5,3,,5.6,,牝3,54,8,3/4,3,[東]高市圭二,,130.0,5-5-4-4,栗本博晴,480(-2),クリノテルチャン,14,横山和生,**,中山,3歳未勝利,ダ右1800m ,曇 ,稍重 ,10
3,1:58.1,40.4,1,,3.0,,牝3,54,5,2.1/2,4,[東]奥平雅士,,77.0,2-2-1-1,了徳寺健二ホールディングス,424(-2),ナーシサステソーロ,7,武藤雅,**,中山,3歳未勝利,ダ右1800m ,曇 ,稍重 ,10
4,1:58.5,40.1,5,,7.9,,牝3,54,7,2.1/2,5,[東]大竹正博,,51.0,8-8-6-6,社台レースホース,450(-4),ダンスグルーヴィ,12,田辺裕信,**,中山,3歳未勝利,ダ右1800m ,曇 ,稍重 ,10
5,1:59.4,40.9,7,,25.8,,牝3,54,6,5,6,[東]加藤士津,,,6-6-8-8,吉田和美,482(+6),カリカンテ,9,津村明秀,**,中山,3歳未勝利,ダ右1800m ,曇 ,稍重 ,10
6,1:59.5,41.8,13,,206.8,,牝3,54,1,3/4,7,[東]高橋義博,,,1-1-2-2,北所直人,426(-12),キタノエスポワール,1,的場勇人,**,中山,3歳未勝利,ダ右1800m ,曇 ,稍重 ,10
7,1:59.6,39.6,8,,89.5,,牝3,54,4,1/2,8,[東]根本康広,,,14-14-14-13,平賀久枝,474(-2),ドリームロマン,5,丸山元気,**,中山,3歳未勝利,ダ右1800m ,曇 ,稍重 ,10
8,1:59.7,40.9,10,,110.4,,牝3,53,3,クビ,9,[東]根本康広,,,8-8-9-8,原村正紀,408(-2),エコロダンサー,3,野中悠太,**,中山,3歳未勝利,ダ右1800m ,曇 ,稍重 ,10
9,1:59.7,40.3,11,,166.8,,牝3,54,8,ハナ,10,[東]竹内正洋,,,8-10-11-11,下河辺隆行,464(-6),バイオレットモーヴ,13,木幡巧也,**,中山,3歳未勝利,ダ右1800m ,曇 ,稍重 ,10
10,2:00.1,41.0,6,,19.3,,牝3,54,7,2.1/2,11,[東]中野栄治,,,11-11-10-10,カタオカファーム,448(-8),キーリア,11,大野拓弥,**,中山,3歳未勝利,ダ右1800m ,曇 ,稍重 ,10
11,2:00.3,40.7,14,,318.4,,牝3,53,2,1.1/4,12,[東]柄崎孝,,,11-11-12-11,村田滋,386(-4),ヴァンタンジェンヌ,2,菊沢一樹,**,中山,3歳未勝利,ダ右1800m ,曇 ,稍重 ,10
12,2:00.5,40.9,12,,179.6,,牝3,52,4,1.1/4,13,[東]畠山吉宏,,,11-11-12-13,星加浩一,464(-2),イッツエルメス,6,木幡育也,**,中山,3歳未勝利,ダ右1800m ,曇 ,稍重 ,10
13,2:01.2,43.0,9,,99.8,,牝3,54,3,4,14,[東]水野貴広,,,3-3-4-7,吉田千津,426(+12),ヴィルベル,4,武士沢友,**,中山,3歳未勝利,ダ右1800m ,曇 ,稍重 ,10
0,1:55.5,39.1,5,,10.2,,牡3,56,8,,1,[東]稲垣幸雄,,510.0,7-6-6-6,陳立文,470(-2),サニートーク,12,Ｍ．デム,**,中山,3歳未勝利,ダ右1800m ,曇 ,稍重 ,11
1,1:55.6,39.7,2,,4.0,,牡3,56,5,3/4,2,[東]奥村武,,200.0,2-2-2-1,猪熊広次,470(0),オーシャンバローズ,5,マーフィ,**,中山,3歳未勝利,ダ右1800m ,曇 ,稍重 ,11
2,1:55.9,39.7,4,,6.3,,牡3,56,4,1.3/4,3,[東]黒岩陽一,,130.0,2-2-4-4,澤田孝之,496(+6),ヒロキング,4,内田博幸,**,中山,3歳未勝利,ダ右1800m ,曇 ,稍重 ,11
3,1:55.9,39.8,1,,2.3,,牡3,56,7,ハナ,4,[東]栗田徹,,77.0,5-5-4-4,山口功一郎,468(-6),ミスターサンド,10,田辺裕信,**,中山,3歳未勝利,ダ右1800m ,曇 ,稍重 ,11
4,1:56.2,39.9,6,,23.6,,牡3,56,5,1.3/4,5,[東]佐藤吉勝,,51.0,8-6-6-6,片岡正雄,462(0),トキメキナイス,6,江田照男,**,中山,3歳未勝利,ダ右1800m ,曇 ,稍重 ,11
5,1:56.3,39.7,10,,162.2,,牡3,56,2,クビ,6,[東]相沢郁,,,12-12-8-8,高橋勉,526(-8),エメラルホープ,2,石橋脩,**,中山,3歳未勝利,ダ右1800m ,曇 ,稍重 ,11
6,1:56.6,39.9,11,,220.2,,牝3,54,1,2,7,[東]水野貴広,,,10-9-9-8,ビッグレッドファーム,456(0),アウティスタ,1,武藤雅,**,中山,3歳未勝利,ダ右1800m ,曇 ,稍重 ,11
7,1:56.6,40.7,3,,4.7,,牡3,56,8,アタマ,8,[東]中舘英二,,,2-2-2-2,佐野信幸,532(-4),ジーマックス,11,松岡正海,**,中山,3歳未勝利,ダ右1800m ,曇 ,稍重 ,11
8,1:56.8,41.1,9,,114.4,,牡3,56,3,1,9,[東]池上昌和,,,1-1-1-2,ラ・メール,482(+2),エスペルト,3,北村宏司,**,中山,3歳未勝利,ダ右1800m ,曇 ,稍重 ,11
9,1:56.9,40.2,8,,104.7,,牡3,56,6,3/4,10,[東]新開幸一,,,10-11-9-10,中村祐子,452(+4),キヨセ,7,木幡巧也,**,中山,3歳未勝利,ダ右1800m ,曇 ,稍重 ,11
10,1:59.2,42.4,12,,228.3,,牡3,55,6,大,11,[東]深山雅史,,,5-6-9-11,北所直人,486(-2),ペイシャジャングル,8,菊沢一樹,**,中山,3歳未勝利,ダ右1800m ,曇 ,稍重 ,11
11,1:59.3,42.4,7,,25.2,,牡3,56,7,3/4,12,[東]矢野英一,,,9-9-12-11,西山茂行,498(-2),ニシノハヤシゲル,9,ミナリク,**,中山,3歳未勝利,ダ右1800m ,曇 ,稍重 ,11
0,1:12.3,36.6,7,,18.5,,牝3,54,8,,1,[東]栗田徹,,600.0,4-4,ゴドルフィン,480(0),ブランクチェック,16,大野拓弥,**,中山,3歳新馬,ダ右1200m ,晴 ,稍重 ,11
1,1:12.3,36.9,1,,2.5,,牡3,56,7,クビ,2,[西]中内田充,,240.0,3-2,石川達絵,480(0),マックス,13,津村明秀,**,中山,3歳新馬,ダ右1200m ,晴 ,稍重 ,11
2,1:12.4,37.2,5,,15.9,,牝3,54,6,3/4,3,[東]伊藤圭三,,150.0,1-1,ゴドルフィン,500(0),ブルーミスト,11,田辺裕信,**,中山,3歳新馬,ダ右1200m ,晴 ,稍重 ,11
3,1:13.2,37.0,4,,7.2,,牡3,56,3,5,4,[東]上原博之,,90.0,6-5,シルクレーシング,462(0),シャークスコーブ,6,Ｍ．デム,**,中山,3歳新馬,ダ右1200m ,晴 ,稍重 ,11
4,1:14.1,37.9,2,,4.8,,牝3,54,5,5,5,[東]池上昌和,,60.0,6-7,シルクレーシング,452(0),ロマーシカ,10,マーフィ,**,中山,3歳新馬,ダ右1200m ,晴 ,稍重 ,11
5,1:14.3,39.0,11,,76.5,,牡3,56,6,1.1/4,6,[東]佐藤吉勝,,,2-2,平本敏夫,502(0),ラストヘビー,12,柴田善臣,**,中山,3歳新馬,ダ右1200m ,晴 ,稍重 ,11
6,1:14.6,37.9,9,,33.8,,牡3,56,4,1.1/2,7,[東]大和田成,,,8-10,イージス,496(0),ゴーウィズザフロー,8,石橋脩,**,中山,3歳新馬,ダ右1200m ,晴 ,稍重 ,11
7,1:14.7,37.2,8,,19.7,,牝3,54,3,1/2,8,[東]高橋裕,,,13-13,西森功,466(0),ヴィーナスブレス,5,北村宏司,**,中山,3歳新馬,ダ右1200m ,晴 ,稍重 ,11
8,1:14.8,38.1,12,,83.8,,牡3,56,5,3/4,9,[西]坂口智康,,,8-9,松本好雄,454(0),メイショウウラコイ,9,ミナリク,**,中山,3歳新馬,ダ右1200m ,晴 ,稍重 ,11
9,1:14.9,38.2,14,,251.1,,牡3,56,1,1/2,10,[東]天間昭一,,,8-8,ノルマンディーサラブレッドレーシング,440(0),ザサンアップライト,2,高野和馬,**,中山,3歳新馬,ダ右1200m ,晴 ,稍重 ,11
10,1:15.0,39.0,6,,17.3,,牝3,54,8,1/2,11,[東]尾形和幸,,,5-6,岡田牧雄,458(0),マターナルラヴ,15,武藤雅,**,中山,3歳新馬,ダ右1200m ,晴 ,稍重 ,11
11,1:15.7,38.4,15,,297.3,,牝3,54,2,4,12,[東]粕谷昌央,,,11-11,小田切統二,440(0),ヒットパレード,4,宮崎北斗,**,中山,3歳新馬,ダ右1200m ,晴 ,稍重 ,11
12,1:15.7,37.4,3,,4.9,,牝3,54,1,クビ,13,[東]栗田徹,,,15-15,了徳寺健二ホールディングス,520(0),メサテソーロ,1,武豊,**,中山,3歳新馬,ダ右1200m ,晴 ,稍重 ,11
13,1:16.0,37.6,16,,340.5,,牡3,56,4,1.3/4,14,[東]浅野洋一,,,15-15,北浦博樹,426(0),ユーシオ,7,吉田豊,**,中山,3歳新馬,ダ右1200m ,晴 ,稍重 ,11
14,1:16.0,38.4,13,,166.3,,牝3,54,7,ハナ,15,[東]岩戸孝樹,,,13-14,ヒダカ・ブリーダーズ・ユニオン,444(0),スプロール,14,木幡巧也,**,中山,3歳新馬,ダ右1200m ,晴 ,稍重 ,11
15,1:16.8,39.5,10,,52.0,,牝3,54,2,5,16,[東]土田稔,,,11-11,ミルファーム,408(0),ピカンチワンラブ,3,横山和生,**,中山,3歳新馬,ダ右1200m ,晴 ,稍重 ,11
0,2:16.8,35.9,9,,13.7,,牝3,54,6,,1,[東]黒岩陽一,,510.0,7-6-1-1,ゴドルフィン,480(-8),カンバラ,11,Ｍ．デム,**,中山,3歳未勝利,芝右外2200m ,晴 ,良 ,12
1,2:17.4,36.1,6,,9.9,,牡3,56,3,3.1/2,2,[東]古賀慎明,,200.0,15-9-5-4,Ｇ１レーシング,474(-6),アルディエンテ,5,横山典弘,**,中山,3歳未勝利,芝右外2200m ,晴 ,良 ,12
2,2:17.4,35.6,2,,4.9,,牡3,56,4,ハナ,3,[東]高木登,,130.0,12-13-11-10,了徳寺健二ホールディングス,514(-2),ウシュバテソーロ,6,江田照男,**,中山,3歳未勝利,芝右外2200m ,晴 ,良 ,12
3,2:17.4,36.1,1,,4.1,,牝3,54,5,アタマ,4,[東]小島茂之,,77.0,5-4-5-4,社台レースホース,450(0),エルバルーチェ,8,田辺裕信,**,中山,3歳未勝利,芝右外2200m ,晴 ,良 ,12
4,2:17.7,35.8,4,,8.0,,牡3,56,1,2,5,[東]田中博康,,51.0,5-6-11-10,了徳寺健二ホールディングス,484(0),プモリテソーロ,1,大野拓弥,**,中山,3歳未勝利,芝右外2200m ,晴 ,良 ,12
5,2:17.9,36.4,7,,11.4,,牡3,56,4,1.1/4,6,[東]牧光二,,,9-9-7-6,半沢,478(-4),グラスデスティーノ,7,木幡巧也,**,中山,3歳未勝利,芝右外2200m ,晴 ,良 ,12
6,2:18.2,37.1,11,,132.3,,牝3,54,8,1.1/2,7,[東]古賀慎明,,,4-3-2-2,美崎光二郎,424(-4),ココリミネルヴァ,15,北村宏司,**,中山,3歳未勝利,芝右外2200m ,晴 ,良 ,12
7,2:18.3,36.8,10,,74.4,,牝3,54,6,3/4,8,[東]田中清隆,,,9-9-7-6,岡田牧雄,430(0),オルプランタン,10,ミナリク,**,中山,3歳未勝利,芝右外2200m ,晴 ,良 ,12
8,2:18.4,36.3,8,,11.8,,牡3,55,5,3/4,9,[東]菊沢隆徳,,,13-14-13-13,古賀禎彦,470(0),スプリッツァー,9,菊沢一樹,**,中山,3歳未勝利,芝右外2200m ,晴 ,良 ,12
9,2:18.6,37.0,5,,9.6,,牝3,54,7,1.1/4,10,[東]木村哲也,,,8-6-9-6,キャロットファーム,450(-2),サクライロ,12,丸山元気,**,中山,3歳未勝利,芝右外2200m ,晴 ,良 ,12
10,2:18.6,37.6,3,,5.0,,牡3,56,7,クビ,11,[東]藤沢和雄,,,2-2-2-2,多田信尊,490(0),ウインドジャマー,13,マーフィ,**,中山,3歳未勝利,芝右外2200m ,晴 ,良 ,12
11,2:18.6,37.0,12,,136.6,,牡3,56,2,ハナ,12,[東]奥村武,,,2-4-9-6,ラ・メール,438(+8),エクステンデット,2,吉田豊,**,中山,3歳未勝利,芝右外2200m ,晴 ,良 ,12
12,2:18.7,36.6,15,,384.8,,牡3,56,3,3/4,13,[東]小野次郎,,,13-14-13-13,長谷川清英,484(0),ジンフラッシュ,4,武士沢友,**,中山,3歳未勝利,芝右外2200m ,晴 ,良 ,12
13,2:19.5,37.3,14,,351.7,,牡3,54,2,5,14,[東]高橋祥泰,,,9-9-15-15,岡田繁幸,448(+2),コスモカモミール,3,木幡育也,**,中山,3歳未勝利,芝右外2200m ,晴 ,良 ,12
14,2:20.6,39.5,13,,269.6,,牝3,54,8,7,15,[東]土田稔,,,1-1-2-10,島川隆哉,456(+6),ブルークレール,14,横山和生,**,中山,3歳未勝利,芝右外2200m ,晴 ,良 ,12
0,2:08.3,35.8,3,,4.5,,牡3,56,5,,1,[東]鹿戸雄一,,600.0,2-2-2-1,社台レースホース,496(0),イマジナリーライン,9,ミナリク,**,中山,3歳新馬,芝右2000m ,曇 ,良 ,13
1,2:08.4,35.7,1,,3.1,,牝3,54,6,3/4,2,[東]尾関知人,,240.0,3-3-3-3,サンデーレーシング,474(0),ブラウローゼン,12,マーフィ,**,中山,3歳新馬,芝右2000m ,曇 ,良 ,13
2,2:08.5,34.8,7,,14.8,,牡3,56,8,3/4,3,[東]戸田博文,,150.0,13-13-10-10,ＤＭＭドリームクラブ,480(0),ハーツシンフォニー,15,柴田善臣,**,中山,3歳新馬,芝右2000m ,曇 ,良 ,13
3,2:08.6,35.3,5,,10.1,,牝3,54,8,3/4,4,[東]奥村武,,90.0,10-8-9-9,井山登,428(0),ファインアイリス,16,大野拓弥,**,中山,3歳新馬,芝右2000m ,曇 ,良 ,13
4,2:08.8,35.8,10,,59.4,,牝3,54,5,1.1/4,5,[東]相沢郁,,60.0,8-8-6-6,遠藤喜松,460(0),エドノフェリーチェ,10,津村明秀,**,中山,3歳新馬,芝右2000m ,曇 ,良 ,13
5,2:08.8,35.8,6,,12.2,,牡3,56,6,ハナ,6,[東]畠山吉宏,,,6-6-6-6,サラブレッドクラブ・ラフィアン,458(0),マイネルエルガー,11,松岡正海,**,中山,3歳新馬,芝右2000m ,曇 ,良 ,13
6,2:08.8,34.7,8,,23.4,,牡3,56,1,クビ,7,[西]松下武士,,,15-15-13-11,社台レースホース,480(0),マグニフィクス,2,石橋脩,**,中山,3歳新馬,芝右2000m ,曇 ,良 ,13
7,2:09.0,36.5,13,,109.6,,牡3,56,4,1,8,[東]宗像義忠,,,1-1-1-2,松山増男,448(0),アースブレイブ,8,田中勝春,**,中山,3歳新馬,芝右2000m ,曇 ,良 ,13
8,2:09.0,35.1,2,,4.2,,牝3,54,7,クビ,9,[西]矢作芳人,,,11-11-12-11,廣崎利洋ＨＤ,406(0),キングスタイル,13,武豊,**,中山,3歳新馬,芝右2000m ,曇 ,良 ,13
9,2:09.1,36.4,14,,234.8,,牝3,54,1,1/2,10,[東]金成貴史,,,3-4-3-3,了徳寺健二ホールディングス,400(0),アイリステソーロ,1,伊藤工真,**,中山,3歳新馬,芝右2000m ,曇 ,良 ,13
10,2:09.2,36.2,12,,94.9,,牡3,56,3,3/4,11,[東]土田稔,,,6-6-6-6,大原詔宏,424(0),アトラクトボイス,5,木幡巧也,**,中山,3歳新馬,芝右2000m ,曇 ,良 ,13
11,2:09.2,36.5,9,,45.3,,牡3,56,4,ハナ,12,[東]加藤士津,,,3-4-3-3,了徳寺健二ホールディングス,490(0),アイガーテソーロ,7,武藤雅,**,中山,3歳新馬,芝右2000m ,曇 ,良 ,13
12,2:10.8,36.3,11,,89.9,,牝3,52,2,10,13,[東]菊川正達,,,13-13-15-13,友駿ホースクラブ,406(0),ルージュカプリス,4,木幡育也,**,中山,3歳新馬,芝右2000m ,曇 ,良 ,13
13,2:11.1,37.0,4,,8.7,,牡3,56,2,2,14,[東]国枝栄,,,11-11-13-13,ＤＭＭドリームクラブ,466(0),キタノブルー,3,横山典弘,**,中山,3歳新馬,芝右2000m ,曇 ,良 ,13
14,2:12.2,38.4,16,,319.4,,牡3,55,7,7,15,[東]畠山吉宏,,,8-8-10-13,ウイン,468(0),ウインネクタル,14,野中悠太,**,中山,3歳新馬,芝右2000m ,曇 ,良 ,13
15,2:15.5,38.8,15,,297.8,,牝3,54,3,大,16,[東]和田雄二,,,16-16-16-16,チョウサン,386(0),ヤングチョウサン,6,井上敏樹,**,中山,3歳新馬,芝右2000m ,曇 ,良 ,13
0,1:53.9,37.3,1,,2.0,,牝5,55,6,,1,[東]中舘英二,,760.0,4-4-5-3,吉田和美,448(+8),メダリオンモチーフ,6,マーフィ,**,中山,4歳以上1勝クラス,ダ右1800m ,曇 ,良 ,13
1,1:53.9,37.6,2,,5.1,,牝4,53,2,アタマ,2,[東]蛯名利弘,,300.0,2-2-2-2,北所直人,424(0),ペイシャキュウ,2,野中悠太,**,中山,4歳以上1勝クラス,ダ右1800m ,曇 ,良 ,13
2,1:54.6,38.3,7,,32.2,,牝4,52,1,4,3,[東]中舘英二,,190.0,1-1-1-1,吉岡實,530(+6),シャルロッテミノル,1,木幡育也,**,中山,4歳以上1勝クラス,ダ右1800m ,曇 ,良 ,13
3,1:55.1,38.0,3,,6.9,,牝6,55,7,3,4,[東]古賀史生,,110.0,11-9-11-10,小林仁幸,462(0),ネオヴィットーリア,8,吉田豊,**,中山,4歳以上1勝クラス,ダ右1800m ,曇 ,良 ,13
4,1:55.4,38.5,8,,36.7,,牝4,54,3,1.3/4,5,[東]牧光二,,76.0,5-6-7-5,平田修,444(0),カッチョエペペ,3,木幡巧也,**,中山,4歳以上1勝クラス,ダ右1800m ,曇 ,良 ,13
5,1:55.6,38.7,6,,11.3,,牝5,55,5,1.1/4,6,[東]久保田貴,,,10-11-7-7,キャロットファーム,464(+16),エリスライト,5,Ｍ．デム,**,中山,4歳以上1勝クラス,ダ右1800m ,曇 ,良 ,13
6,1:55.6,39.1,4,,7.3,,牝4,54,7,クビ,7,[東]和田正一,,,5-4-3-5,Ｇ１レーシング,484(+6),アラゴネーゼ,9,丸山元気,**,中山,4歳以上1勝クラス,ダ右1800m ,曇 ,良 ,13
7,1:56.5,40.0,5,,9.4,,牝4,54,4,5,8,[東]勢司和浩,,,3-3-3-3,瀧本和義,472(+8),ケイティマドンナ,4,田辺裕信,**,中山,4歳以上1勝クラス,ダ右1800m ,曇 ,良 ,13
8,1:57.2,40.6,10,,84.3,,牝4,54,8,4,9,[東]天間昭一,,,9-9-5-7,ビッグレッドファーム,460(-4),アナザークイーン,11,津村明秀,**,中山,4歳以上1勝クラス,ダ右1800m ,曇 ,良 ,13
9,1:57.4,40.5,11,,429.8,,牝5,55,6,1.1/4,10,[東]藤原辰雄,,,7-6-7-7,谷口祐人,482(-4),アンフィーサ,7,横山和生,**,中山,4歳以上1勝クラス,ダ右1800m ,曇 ,良 ,13
10,1:59.2,42.3,9,,39.8,,牝5,55,8,大,11,[東]青木孝文,,,7-6-7-11,吉田照哉,502(+14),ラティカ,10,ミナリク,**,中山,4歳以上1勝クラス,ダ右1800m ,曇 ,良 ,13
0,1:11.1,36.6,5,,12.7,,牝4,54,2,,1,[東]相沢郁,,"1,100.0",4-4,河内孝夫,488(-4),キタノオドリコ,2,ミナリク,**,中山,4歳以上2勝クラス,ダ右1200m ,曇 ,良 ,14
1,1:11.3,36.4,12,,49.5,,牡4,56,1,1.1/2,2,[西]牧浦充徳,,440.0,7-9,相馬勇,468(-8),サンマルベスト,1,畑端省吾,**,中山,4歳以上2勝クラス,ダ右1200m ,曇 ,良 ,14
2,1:11.3,36.9,1,,2.9,,牝5,55,6,ハナ,3,[東]大竹正博,,280.0,4-4,ラッキーフィールド,460(+4),エアコンヴィーナ,10,武豊,**,中山,4歳以上2勝クラス,ダ右1200m ,曇 ,良 ,14
3,1:11.4,36.6,4,,7.2,,牡4,56,4,クビ,4,[東]田中剛,,170.0,7-6,国本哲秀,494(+14),ショウナンガナドル,6,横山典弘,**,中山,4歳以上2勝クラス,ダ右1200m ,曇 ,良 ,14
4,1:11.4,37.2,7,,21.8,,セ7,57,8,クビ,5,[東]大江原哲,,110.0,2-2,ライオンレースホース,506(+4),ピナクルズ,14,柴田善臣,**,中山,4歳以上2勝クラス,ダ右1200m ,曇 ,良 ,14
5,1:11.6,37.4,8,,22.2,,牡4,56,7,1.1/4,6,[東]伊藤圭三,,,2-3,齊藤宣勝,472(+16),サーストンバーラム,11,内田博幸,**,中山,4歳以上2勝クラス,ダ右1200m ,曇 ,良 ,14
6,1:11.6,36.2,11,,44.1,,牡5,57,5,アタマ,7,[東]矢野英一,,,13-13,井山登,512(-2),スーパーアキラ,8,津村明秀,**,中山,4歳以上2勝クラス,ダ右1200m ,曇 ,良 ,14
7,1:11.7,36.9,2,,3.7,,牡5,56,5,クビ,8,[東]菊沢隆徳,,,7-6,野田みづき,508(0),ミッキーハイド,7,菊沢一樹,**,中山,4歳以上2勝クラス,ダ右1200m ,曇 ,良 ,14
8,1:11.9,37.3,6,,19.5,,セ5,57,3,1.1/4,9,[東]中川公成,,,6-9,西森功,486(0),エースロッカー,3,岩部純二,**,中山,4歳以上2勝クラス,ダ右1200m ,曇 ,良 ,14
9,1:11.9,36.8,13,,165.6,,牝6,54,4,クビ,10,[東]菊川正達,,,11-11,岡田壮史,474(-4),ホノカ,5,野中悠太,**,中山,4歳以上2勝クラス,ダ右1200m ,曇 ,良 ,14
10,1:12.1,36.8,9,,31.5,,牡7,57,6,1.1/4,11,[東]大和田成,,,12-12,村島昭男,500(+2),エタニティーワルツ,9,丸山元気,**,中山,4歳以上2勝クラス,ダ右1200m ,曇 ,良 ,14
11,1:12.3,38.3,10,,38.8,,牝6,55,8,1.1/4,12,[東]南田美知,,,1-1,伊達敏明,498(+4),アルミューテン,13,吉田豊,**,中山,4歳以上2勝クラス,ダ右1200m ,曇 ,良 ,14
12,1:12.4,36.7,14,,170.4,,牡4,56,3,1/2,13,[東]高橋祥泰,,,14-14,サラブレッドクラブ・ラフィアン,500(-2),マイネルバトゥータ,4,木幡巧也,**,中山,4歳以上2勝クラス,ダ右1200m ,曇 ,良 ,14
13,1:13.3,38.5,3,,5.7,,牝6,55,7,5,14,[東]上原博之,,,7-6,成塚清志,488(+4),ナリノメジャー,12,Ｍ．デム,**,中山,4歳以上2勝クラス,ダ右1200m ,曇 ,良 ,14
0,1:54.5,38.9,4,,6.4,,牝3,54,5,,1,[西]松永幹夫,,"1,038.0",1-1-1-1,ノースヒルズ,480(-2),セラン,6,武豊,**,中山,呉竹賞 ,ダ右1800m ,曇 ,良 ,14
1,1:54.5,38.7,3,,5.4,,牡3,56,7,クビ,2,[東]奥村武,,408.0,2-2-2-2,金子真人ホールディングス,508(+18),ピオノノ,11,マーフィ,**,中山,呉竹賞 ,ダ右1800m ,曇 ,良 ,14
2,1:54.8,39.1,6,,14.6,,牡3,56,7,2,3,[東]栗田徹,,254.0,2-2-2-2,了徳寺健二ホールディングス,494(+4),シアトルテソーロ,10,大野拓弥,**,中山,呉竹賞 ,ダ右1800m ,曇 ,良 ,14
3,1:54.8,38.9,12,,171.0,,牡3,56,3,アタマ,4,[東]武市康男,,150.0,4-4-4-5,サラブレッドクラブ・ラフィアン,484(-2),マイネルアストリア,3,津村明秀,**,中山,呉竹賞 ,ダ右1800m ,曇 ,良 ,14
4,1:54.9,38.5,2,,3.7,,牡3,56,4,クビ,5,[東]萩原清,,101.0,12-12-11-6,シルクレーシング,506(-10),コバルトウィング,5,丸山元気,**,中山,呉竹賞 ,ダ右1800m ,曇 ,良 ,14
5,1:55.2,39.1,1,,3.3,,牡3,56,6,1.3/4,6,[東]加藤士津,,,10-8-5-2,湘南,466(0),ショウナンマリオ,8,田辺裕信,**,中山,呉竹賞 ,ダ右1800m ,曇 ,良 ,14
6,1:55.4,39.2,9,,30.8,,牡3,56,1,1,7,[西]昆貢,,,8-8-9-7,ヒルノ,470(0),ヒルノブルージュ,1,横山典弘,**,中山,呉竹賞 ,ダ右1800m ,曇 ,良 ,14
7,1:55.4,38.6,10,,40.1,,牡3,56,6,ハナ,8,[東]加藤征弘,,,13-13-12-12,阿部友弘,484(+4),モルタル,9,内田博幸,**,中山,呉竹賞 ,ダ右1800m ,曇 ,良 ,14
8,1:55.4,39.1,8,,20.8,,牡3,56,4,クビ,9,[東]久保田貴,,,8-8-9-11,草間庸文,482(+2),サンダーブリッツ,4,ミナリク,**,中山,呉竹賞 ,ダ右1800m ,曇 ,良 ,14
9,1:56.0,40.0,7,,15.5,,牡3,56,8,3.1/2,10,[東]戸田博文,,,5-4-5-7,吉澤克己,476(+2),アメリカンフェイス,12,石橋脩,**,中山,呉竹賞 ,ダ右1800m ,曇 ,良 ,14
10,1:56.1,40.0,5,,11.4,,牡3,56,2,3/4,11,[西]中竹和也,,,5-4-5-7,サトミホースカンパニー,542(-4),サトノラファール,2,松岡正海,**,中山,呉竹賞 ,ダ右1800m ,曇 ,良 ,14
11,1:56.6,40.5,11,,81.7,,牡3,56,5,3,12,[東]萱野浩二,,,5-4-5-7,田中晴夫,500(-2),キョウエイゴー,7,武藤雅,**,中山,呉竹賞 ,ダ右1800m ,曇 ,良 ,14
12,1:57.2,40.0,13,,275.7,,牡3,56,8,3.1/2,13,[東]岩戸孝樹,,,10-11-13-13,原村正紀,526(-8),エコロタイガー,13,木幡巧也,**,中山,呉竹賞 ,ダ右1800m ,曇 ,良 ,14
0,1:36.0,34.4,3,,5.8,,牡6,56,8,,1,[東]戸田博文,,"1,525.2",11-11-11,堂守貴志,478(+2),スーパーブレイク,10,吉田豊,**,中山,東雲賞 ,芝右外1600m ,曇 ,良 ,15
1,1:36.3,34.9,2,,4.0,,牝4,53,5,1.3/4,2,[東]尾関知人,,607.2,5-8-6,前田幸治,494(-8),アフランシール,5,田辺裕信,**,中山,東雲賞 ,芝右外1600m ,曇 ,良 ,15
2,1:36.3,35.5,11,,77.9,,牡9,52,4,クビ,3,[東]蛯名利弘,,383.6,1-2-1,増田陽一,524(+2),ボールドジャパン,4,江田照男,**,中山,東雲賞 ,芝右外1600m ,曇 ,良 ,15
3,1:36.5,35.3,6,,11.0,,牝4,52,3,1.1/4,4,[東]栗田徹,,230.0,9-7-6,吉田勝己,468(+2),グレイシア,3,ミナリク,**,中山,東雲賞 ,芝右外1600m ,曇 ,良 ,15
4,1:36.6,35.6,1,,3.0,,牡4,55,1,1/2,5,[東]手塚貴久,,150.0,5-4-3,馬場幸夫,518(+4),アンブロークン,1,マーフィ,**,中山,東雲賞 ,芝右外1600m ,曇 ,良 ,15
5,1:36.6,35.2,7,,14.0,,牡6,55,7,クビ,6,[東]相沢郁,,,5-8-9,高橋勉,462(+6),エメラルスター,8,大野拓弥,**,中山,東雲賞 ,芝右外1600m ,曇 ,良 ,15
6,1:36.7,35.9,9,,29.2,,牡7,54,6,クビ,7,[東]斎藤誠,,,2-1-2,Ｇ１レーシング,488(+12),サンクロワ,6,内田博幸,**,中山,東雲賞 ,芝右外1600m ,曇 ,良 ,15
7,1:36.7,35.8,8,,26.5,,牡6,54,6,ハナ,8,[東]上原博之,,,3-3-3,近藤旬子,476(-2),アドマイヤシナイ,7,丸山元気,**,中山,東雲賞 ,芝右外1600m ,曇 ,良 ,15
8,1:36.8,35.8,4,,7.0,,セ6,55,2,3/4,9,[東]高橋文雅,,,9-4-3,Ｇ１レーシング,466(+2),アルトリウス,2,北村宏司,**,中山,東雲賞 ,芝右外1600m ,曇 ,良 ,15
9,1:36.9,35.6,10,,60.3,,牡8,54,8,アタマ,10,[東]的場均,,,5-8-9,林正道,522(-2),ビヨンジオール,11,石橋脩,**,中山,東雲賞 ,芝右外1600m ,曇 ,良 ,15
10,1:36.9,35.8,5,,10.8,,牝5,53,7,アタマ,11,[東]和田正一,,,3-6-6,シルクレーシング,458(+8),ラストプリマドンナ,9,津村明秀,**,中山,東雲賞 ,芝右外1600m ,曇 ,良 ,15
0,1:51.6,38.2,2,,4.1,,牡4,56,1,,1,[東]鈴木伸尋,,"1,857.8",2-2-2-2,社台レースホース,492(0),フィードバック,2,横山典弘,**,中山,アレキサンドライトS ,ダ右1800m ,曇 ,良 ,15
1,1:52.0,37.9,11,,47.6,,牝6,55,5,2.1/2,2,[西]松永幹夫,,740.8,9-8-7-7,松本好雄,508(-8),メイショウササユリ,10,横山和生,**,中山,アレキサンドライトS ,ダ右1800m ,曇 ,良 ,15
2,1:52.0,37.1,6,,19.0,,牡6,57,4,クビ,3,[東]田中清隆,,465.4,16-16-14-10,坂巻勝彦,474(-4),ブライトンロック,8,田辺裕信,**,中山,アレキサンドライトS ,ダ右1800m ,曇 ,良 ,15
3,1:52.2,37.4,13,,169.3,,牡6,57,2,1,4,[東]小野次郎,,270.0,13-13-14-10,佐藤啓子,484(0),リョウランヒーロー,3,菊沢一樹,**,中山,アレキサンドライトS ,ダ右1800m ,曇 ,良 ,15
4,1:52.3,38.1,7,,19.7,,牝4,54,4,クビ,5,[東]竹内正洋,,182.0,11-11-9-9,由井健太郎,512(+2),カナシバリ,7,江田照男,**,中山,アレキサンドライトS ,ダ右1800m ,曇 ,良 ,15
5,1:52.3,38.7,3,,5.2,,牡4,56,6,アタマ,6,[東]小笠倫弘,,,4-4-4-2,吉冨学,506(+10),アシャカトブ,12,武藤雅,**,中山,アレキサンドライトS ,ダ右1800m ,曇 ,良 ,15
6,1:52.4,38.7,10,,38.9,,牝4,54,6,1/2,7,[東]新開幸一,,,4-4-5-5,吉田和子,490(+16),メイクハッピー,11,大野拓弥,**,中山,アレキサンドライトS ,ダ右1800m ,曇 ,良 ,15
7,1:53.4,39.7,5,,15.5,,牡6,57,2,6,8,[東]古賀慎明,,,4-4-5-5,大浅貢,496(-6),エムオーグリッタ,4,津村明秀,**,中山,アレキサンドライトS ,ダ右1800m ,曇 ,良 ,15
8,1:53.5,40.1,4,,7.4,,牡6,57,7,1/2,9,[西]杉山晴紀,,,2-2-2-2,竹園正繼,492(-6),テイエムチェロキー,13,マーフィ,**,中山,アレキサンドライトS ,ダ右1800m ,曇 ,良 ,15
9,1:53.6,40.5,1,,2.8,,牡4,56,7,クビ,10,[東]藤原辰雄,,,1-1-1-1,宮崎冴子,518(+4),リワードアンヴァル,14,武豊,**,中山,アレキサンドライトS ,ダ右1800m ,曇 ,良 ,15
10,1:53.7,39.0,8,,25.0,,牡6,57,3,3/4,11,[西]吉田直弘,,,14-13-13-14,吉田勝己,512(-2),フォースライン,6,石橋脩,**,中山,アレキサンドライトS ,ダ右1800m ,曇 ,良 ,15
11,1:53.8,39.8,12,,63.6,,牡6,57,3,クビ,12,[東]牧光二,,,7-8-7-8,半沢,528(+6),グラスブルース,5,木幡巧也,**,中山,アレキサンドライトS ,ダ右1800m ,曇 ,良 ,15
12,1:53.9,38.9,15,,192.0,,牡7,57,1,3/4,13,[東]藤原辰雄,,,15-15-16-15,浅田次郎,470(-4),シベリウス,1,柴田善臣,**,中山,アレキサンドライトS ,ダ右1800m ,曇 ,良 ,15
13,1:54.4,40.1,16,,239.9,,牝6,55,8,3,14,[東]小西一男,,,9-10-11-10,小沼博,452(-2),フクサンローズ,15,野中悠太,**,中山,アレキサンドライトS ,ダ右1800m ,曇 ,良 ,15
14,1:55.7,41.2,9,,25.6,,牝4,54,8,8,15,[東]粕谷昌央,,,11-11-12-13,樋口正蔵,506(+6),バンブトンハート,16,田中勝春,**,中山,アレキサンドライトS ,ダ右1800m ,曇 ,良 ,15
15,1:56.0,41.8,14,,189.9,,牡6,57,5,1.1/2,16,[東]戸田博文,,,7-7-9-15,青芝商事,506(-6),スターライトブルー,9,吉田豊,**,中山,アレキサンドライトS ,ダ右1800m ,曇 ,良 ,15
0,1:34.7,35.0,6,,12.0,,牡5,57,4,,1,[東]木村哲也,,760.0,6-5-5,ゴドルフィン,512(+20),バールドバイ,8,北村宏司,**,中山,4歳以上1勝クラス,芝右外1600m ,曇 ,良 ,16
1,1:34.9,35.9,4,,7.9,,牡4,56,5,1.1/2,2,[東]相沢郁,,300.0,2-2-2,星野壽市,460(+6),ヘイワノツカイ,10,石橋脩,**,中山,4歳以上1勝クラス,芝右外1600m ,曇 ,良 ,16
2,1:35.1,35.9,13,,71.3,,牝4,54,4,1.1/2,3,[東]深山雅史,,190.0,3-3-3,小林博雄,440(+10),レディードリー,7,柴田善臣,**,中山,4歳以上1勝クラス,芝右外1600m ,曇 ,良 ,16
3,1:35.2,36.3,14,,78.3,,牡4,55,3,3/4,4,[東]菊川正達,,110.0,1-1-1,藤原正一,500(+4),フジマサディープ,5,野中悠太,**,中山,4歳以上1勝クラス,芝右外1600m ,曇 ,良 ,16
4,1:35.5,35.8,3,,6.9,,牡4,56,6,1.1/2,5,[東]手塚貴久,,76.0,7-5-5,サンデーレーシング,492(+10),ライル,11,Ｍ．デム,**,中山,4歳以上1勝クラス,芝右外1600m ,曇 ,良 ,16
5,1:35.5,34.9,1,,4.6,,牡4,56,8,アタマ,6,[東]藤沢和雄,,,11-11-10,東京ホースレーシング,474(+2),レッドクレオス,15,マーフィ,**,中山,4歳以上1勝クラス,芝右外1600m ,曇 ,良 ,16
6,1:35.5,35.2,5,,8.3,,牡4,56,1,アタマ,7,[東]鈴木伸尋,,,10-10-9,吉冨学,486(+10),ショーヒデキラ,1,武豊,**,中山,4歳以上1勝クラス,芝右外1600m ,曇 ,良 ,16
7,1:35.6,34.9,7,,13.3,,牝4,54,7,クビ,8,[東]鈴木伸尋,,,11-12-10,ウイン,462(0),ウインメルシー,13,津村明秀,**,中山,4歳以上1勝クラス,芝右外1600m ,曇 ,良 ,16
8,1:35.9,35.7,8,,15.5,,牡4,56,3,2,9,[東]高木登,,,9-8-10,吉田照哉,442(+6),リバーシブルレーン,6,大野拓弥,**,中山,4歳以上1勝クラス,芝右外1600m ,曇 ,良 ,16
9,1:36.0,35.0,2,,4.7,,牡6,57,7,1/2,10,[東]戸田博文,,,15-14-13,シルクレーシング,472(+2),アーザムブルー,14,吉田豊,**,中山,4歳以上1勝クラス,芝右外1600m ,曇 ,良 ,16
10,1:36.0,36.3,9,,18.2,,牝4,54,6,クビ,11,[東]上原博之,,,5-5-7,社台レースホース,488(+10),コールザチューン,12,横山典弘,**,中山,4歳以上1勝クラス,芝右外1600m ,曇 ,良 ,16
11,1:36.2,36.1,11,,26.3,,牝5,55,8,1,12,[東]大竹正博,,,7-8-8,中村時子,502(-2),マサノアッレーグラ,16,丸山元気,**,中山,4歳以上1勝クラス,芝右外1600m ,曇 ,良 ,16
12,1:36.4,35.2,12,,41.0,,牡6,57,5,1,13,[東]宗像義忠,,,13-15-15,薗部博之,466(0),ヒドゥンパラメータ,9,伊藤工真,**,中山,4歳以上1勝クラス,芝右外1600m ,曇 ,良 ,16
13,1:36.4,35.2,10,,19.4,,牝4,54,2,アタマ,14,[東]尾関知人,,,16-15-15,社台レースホース,444(-2),マジックリアリズム,4,田辺裕信,**,中山,4歳以上1勝クラス,芝右外1600m ,曇 ,良 ,16
14,1:36.5,35.7,15,,79.4,,牝5,55,1,3/4,15,[東]尾関知人,,,13-13-14,前迫義幸,470(+6),ハワイアンダンサー,2,武藤雅,**,中山,4歳以上1勝クラス,芝右外1600m ,曇 ,良 ,16
15,1:36.9,37.7,16,,182.5,,牡5,57,2,2.1/2,16,[東]田中剛,,,3-3-4,平田牧場,448(0),ヒラボクプレミアム,3,ミナリク,**,中山,4歳以上1勝クラス,芝右外1600m ,曇 ,良 ,16
0,1:58.2,36.6,2,,2.9,,牡3,56,6,,1,[西]石坂公一,,510.0,2-2-2-2,ノルマンディーサラブレッドレーシング,502(+4),バンクオブクラウズ,6,ルメール,**,京都,3歳未勝利,ダ右1900m ,曇 ,重 ,10
1,1:58.2,36.7,1,,1.3,,牡3,56,2,アタマ,2,[西]大橋勇樹,,200.0,1-1-1-1,永井啓弍,510(+2),スズカデレヤ,2,幸英明,**,京都,3歳未勝利,ダ右1900m ,曇 ,重 ,10
2,1:59.5,37.7,4,,26.8,,牡3,56,4,8,3,[西]須貝尚介,,130.0,3-3-3-3,東京ホースレーシング,516(+6),レッドミダス,4,フォーリ,**,京都,3歳未勝利,ダ右1900m ,曇 ,重 ,10
3,2:00.8,38.4,8,,88.5,,牡3,56,5,8,4,[西]奥村豊,,77.0,8-8-8-7,東海林貴大,490(+8),チェーロ,5,太宰啓介,**,京都,3歳未勝利,ダ右1900m ,曇 ,重 ,10
4,2:00.9,38.7,10,,139.9,,牡3,56,1,1/2,5,[西]飯田雄三,,51.0,5-5-5-5,渡邊善男,496(0),ゼンダンイワミ,1,鮫島良太,**,京都,3歳未勝利,ダ右1900m ,曇 ,重 ,10
5,2:01.1,39.2,3,,18.2,,牡3,54,8,1.1/2,6,[西]高橋義忠,,,3-3-3-4,ライオンレースホース,446(0),マーキュリーセブン,9,岩田望来,**,京都,3歳未勝利,ダ右1900m ,曇 ,重 ,10
6,2:01.1,38.5,6,,47.0,,牡3,56,7,ハナ,7,[西]中竹和也,,,8-8-8-8,ノースヒルズ,468(-2),グエルリエーロ,7,和田竜二,**,京都,3歳未勝利,ダ右1900m ,曇 ,重 ,10
7,2:02.2,40.0,5,,42.2,,牡3,56,3,7,8,[西]杉山晴紀,,,5-5-5-5,中辻明,542(0),ゴチソウサン,3,松田大作,**,京都,3歳未勝利,ダ右1900m ,曇 ,重 ,10
8,2:02.8,40.3,7,,57.7,,牡3,56,8,3.1/2,9,[西]湯窪幸雄,,,5-5-7-9,山上和良,504(0),シャムエル,10,水口優也,**,京都,3歳未勝利,ダ右1900m ,曇 ,重 ,10
9,2:09.3,42.8,9,,128.0,,牡3,53,7,大,10,[西]村山明,,,10-10-10-10,小林祥晃,458(+2),コパノマルティーノ,8,服部寿希,**,京都,3歳未勝利,ダ右1900m ,曇 ,重 ,10
0,1:12.2,36.4,3,,5.3,,牝3,54,4,,1,[西]荒川義之,,510.0,8-8,松本好雄,472(-12),メイショウベッピン,5,松山弘平,**,京都,3歳未勝利,ダ右1200m ,曇 ,重 ,10
1,1:12.3,36.7,4,,8.1,,牝3,52,8,1/2,2,[西]杉山晴紀,,200.0,5-6,トップフェロウ,480(-2),ロゼキルシュ,14,岩田望来,**,京都,3歳未勝利,ダ右1200m ,曇 ,重 ,10
2,1:12.6,37.5,6,,14.8,,牝3,54,1,1.3/4,3,[西]佐々木晶,,130.0,1-1,金岡久夫,450(-4),コンゴウレイワ,1,松若風馬,**,京都,3歳未勝利,ダ右1200m ,曇 ,重 ,10
3,1:12.6,37.1,1,,2.4,,牝3,54,7,ハナ,4,[西]岡田稲男,,77.0,3-3,カナヤマホールディングス,490(-2),オーシャンズ,12,岩田康誠,**,京都,3歳未勝利,ダ右1200m ,曇 ,重 ,10
4,1:12.7,36.4,11,,162.4,,牝3,54,2,1/2,5,[西]石橋守,,51.0,11-11,松本好雄,424(0),メイショウイコロ,2,国分優作,**,京都,3歳未勝利,ダ右1200m ,曇 ,重 ,10
5,1:12.7,37.2,8,,44.3,,牝3,54,5,クビ,6,[西]藤沢則雄,,,5-3,小原該一,458(+2),ウンダモシタン,8,古川吉洋,**,京都,3歳未勝利,ダ右1200m ,曇 ,重 ,10
6,1:12.9,37.5,2,,4.1,,牝3,54,3,1.1/4,7,[西]上村洋行,,,3-3,中居路博,490(-4),セントクリーガー,3,福永祐一,**,京都,3歳未勝利,ダ右1200m ,曇 ,重 ,10
7,1:13.1,37.4,5,,11.4,,牝3,54,7,1.1/4,8,[西]角田晃一,,,7-7,中西憲治,462(-10),ゴッドカーヌスティ,11,和田竜二,**,京都,3歳未勝利,ダ右1200m ,曇 ,重 ,10
8,1:13.2,36.9,9,,57.3,,牝3,54,8,1/2,9,[西]田所秀孝,,,10-9,サラブレッドクラブ・ラフィアン,466(+4),トゥールドマジ,13,幸英明,**,京都,3歳未勝利,ダ右1200m ,曇 ,重 ,10
9,1:13.3,36.0,12,,163.6,,牝3,53,4,1/2,10,[西]武英智,,,13-12,薪浦亨,416(0),ラヴアンドヨウコ,6,富田暁,**,京都,3歳未勝利,ダ右1200m ,曇 ,重 ,10
10,1:13.3,36.3,14,,453.1,,牝3,54,6,クビ,11,[西]藤沢則雄,,,12-12,武田茂男,430(-6),ジグ,10,加藤祥太,**,京都,3歳未勝利,ダ右1200m ,曇 ,重 ,10
11,1:13.3,37.2,10,,66.8,,牝3,54,3,ハナ,12,[西]浅見秀一,,,9-9,古賀慎一,424(+8),ミコハーン,4,岡田祥嗣,**,京都,3歳未勝利,ダ右1200m ,曇 ,重 ,10
12,1:14.0,38.8,7,,15.0,,牝3,54,5,4,13,[西]高橋義忠,,,2-2,吉田照哉,454(-4),エルセントロ,7,坂井瑠星,**,京都,3歳未勝利,ダ右1200m ,曇 ,重 ,10
13,1:14.2,36.8,13,,407.1,,牝3,54,6,1.1/2,14,[西]川村禎彦,,,13-14,杉本豊,456(+6),スナークアリス,9,川島信二,**,京都,3歳未勝利,ダ右1200m ,曇 ,重 ,10
0,1:53.5,37.5,5,,11.3,,牡3,56,4,,1,[東]水野貴広,,510.0,2-3-3-3,ディアレストクラブ,486(-16),フームスムート,4,フォーリ,**,京都,3歳未勝利,ダ右1800m ,曇 ,重 ,11
1,1:54.0,38.2,3,,4.4,,牡3,54,8,3,2,[西]西村真幸,,200.0,1-2-2-2,佐藤範夫,494(0),クールインパクト,10,岩田望来,**,京都,3歳未勝利,ダ右1800m ,曇 ,重 ,11
2,1:54.8,39.1,1,,2.8,,セ3,56,1,5,3,[西]中内田充,,130.0,2-1-1-1,シルクレーシング,472(-12),ベルラガッツォ,1,川田将雅,**,京都,3歳未勝利,ダ右1800m ,曇 ,重 ,11
3,1:54.8,38.2,4,,6.5,,牡3,56,6,ハナ,4,[西]山内研二,,77.0,8-7-7-7,竹園正繼,466(+10),テイエムキズナオー,6,松山弘平,**,京都,3歳未勝利,ダ右1800m ,曇 ,重 ,11
4,1:55.1,38.3,9,,28.0,,牡3,55,7,1.3/4,5,[西]木原一良,,51.0,10-9-9-7,加藤千豊,462(+14),キングズジェム,9,富田暁,**,京都,3歳未勝利,ダ右1800m ,曇 ,重 ,11
5,1:55.2,39.2,2,,4.2,,牝3,54,6,3/4,6,[西]森田直行,,,4-4-3-3,中西浩一,480(-2),オーロラテーラー,7,国分恭介,**,京都,3歳未勝利,ダ右1800m ,曇 ,重 ,11
6,1:55.4,39.1,7,,22.8,,牡3,56,3,3/4,7,[西]川村禎彦,,,4-5-5-5,八木良司,514(+4),タガノビーザライト,3,和田竜二,**,京都,3歳未勝利,ダ右1800m ,曇 ,重 ,11
7,1:55.9,39.6,8,,22.9,,牡3,56,8,3,8,[西]池添兼雄,,,7-7-5-5,浅沼廣幸,522(+2),デルマジェイド,11,池添謙一,**,京都,3歳未勝利,ダ右1800m ,曇 ,重 ,11
8,1:58.9,41.6,11,,209.7,,牡3,56,7,大,9,[西]梅田智之,,,8-9-10-10,小笹公也,504(-2),テーオーバフェット,8,川須栄彦,**,京都,3歳未勝利,ダ右1800m ,曇 ,重 ,11
9,2:01.3,44.6,10,,57.2,,牡3,56,2,大,10,[西]吉田直弘,,,4-5-7-9,菊池五郎,452(-6),キクノフラッシュ,2,岩田康誠,**,京都,3歳未勝利,ダ右1800m ,曇 ,重 ,11
10,2:04.5,43.4,6,,18.2,,牡3,56,5,大,11,[西]飯田雄三,,,11-11-11-11,サラブレッドクラブ・ラフィアン,460(+26),マイネルヘルツアス,5,国分優作,**,京都,3歳未勝利,ダ右1800m ,曇 ,重 ,11
0,3:24.3,14.0,1,,2.6,,セ7,60,2,,1,[西]牧田和弥,,790.0,4-4-2-2,畑佐博,444(+4),アグネスフォルテ,2,中村将之,,京都,障害4歳以上未勝利,障芝ダート2910m ,晴 ,稍重  ダート,11
1,3:24.4,14.0,5,,16.5,,牡7,60,8,3/4,2,[西]山内研二,,320.0,4-4-2-2,節英司,478(-2),メイプルキング,14,小坂忠士,,京都,障害4歳以上未勝利,障芝ダート2910m ,晴 ,稍重  ダート,11
2,3:25.4,14.1,8,,25.0,,牡6,60,8,6,3,[西]加用正,,200.0,1-1-1-1,ウイン,494(+8),ウインストラグル,13,白浜雄造,,京都,障害4歳以上未勝利,障芝ダート2910m ,晴 ,稍重  ダート,11
3,3:25.5,14.1,11,,53.6,,牡5,60,1,クビ,4,[西]安達昭夫,,120.0,2-2-4-4,田所英子,524(+6),マヤノフロスティ,1,平沢健治,,京都,障害4歳以上未勝利,障芝ダート2910m ,晴 ,稍重  ダート,11
4,3:26.0,14.2,4,,11.2,,牡7,60,3,3,5,[西]大橋勇樹,,79.0,7-8-6-6,田中成奉,500(+12),タイセイパルサー,4,熊沢重文,,京都,障害4歳以上未勝利,障芝ダート2910m ,晴 ,稍重  ダート,11
5,3:26.2,14.2,3,,6.8,,牡5,60,6,1.1/4,6,[西]西浦勝一,,,7-6-4-5,松本好雄,484(+12),メイショウキタグニ,9,森一馬,,京都,障害4歳以上未勝利,障芝ダート2910m ,晴 ,稍重  ダート,11
6,3:26.5,14.2,9,,40.8,,セ5,60,5,2,7,[西]湯窪幸雄,,,6-6-6-6,森中蕃,484(+10),シゲルタケノコ,7,植野貴也,,京都,障害4歳以上未勝利,障芝ダート2910m ,晴 ,稍重  ダート,11
7,3:27.0,14.2,7,,22.9,,牝5,58,4,3,8,[東]松山将樹,,,9-9-6-8,吉岡泰治,478(-2),インペリオーソ,5,山本康志,,京都,障害4歳以上未勝利,障芝ダート2910m ,晴 ,稍重  ダート,11
8,3:27.2,14.2,6,,17.1,,牡6,60,7,1.1/2,9,[東]栗田徹,,,12-13-10-9,ノースヒルズ,488(+4),フィスキオ,12,石神深一,,京都,障害4歳以上未勝利,障芝ダート2910m ,晴 ,稍重  ダート,11
9,3:27.3,14.2,12,,61.3,,セ5,60,7,1/2,10,[西]湯窪幸雄,,,12-12-9-9,栗本博晴,502(+14),クリノヒビキ,11,黒岩悠,,京都,障害4歳以上未勝利,障芝ダート2910m ,晴 ,稍重  ダート,11
10,3:27.4,14.3,10,,49.4,,牡6,60,5,クビ,11,[東]土田稔,,,10-10-10-9,杉浦和也,492(-4),マイネルストラトス,8,草野太郎,,京都,障害4歳以上未勝利,障芝ダート2910m ,晴 ,稍重  ダート,11
11,3:29.7,14.4,14,,209.3,,牡5,60,6,大,12,[西]大根田裕,,,11-11-12-12,吉冨学,468(+10),アシャカファスト,10,北沢伸也,,京都,障害4歳以上未勝利,障芝ダート2910m ,晴 ,稍重  ダート,11
12,3:30.4,14.5,13,,92.0,,牡5,60,4,4,13,[東]稲垣幸雄,,,14-14-13-13,シルクレーシング,484(+2),ヴェルトゥアル,6,五十嵐雄,,京都,障害4歳以上未勝利,障芝ダート2910m ,晴 ,稍重  ダート,11
13,,,2,,2.8,,牡7,60,3,,中,[西]庄野靖志,,,3-2,社台レースホース,562(+16),ファスナハト,3,西谷誠,,京都,障害4歳以上未勝利,障芝ダート2910m ,晴 ,稍重  ダート,11
0,1:37.1,36.6,2,,3.4,,牡3,56,3,,1,[西]昆貢,,510.0,4-5,ヒルノ,478(+2),ヒルノエドワード,3,古川吉洋,**,京都,3歳未勝利,芝右1600m ,晴 ,稍重 ,12
1,1:37.2,36.9,5,,12.1,,牡3,56,2,1/2,2,[西]飯田祐史,,200.0,1-1,松本好雄,490(-8),メイショウケアラシ,2,和田竜二,**,京都,3歳未勝利,芝右1600m ,晴 ,稍重 ,12
2,1:37.6,37.2,3,,3.9,,牡3,56,7,2.1/2,3,[西]森秀行,,130.0,2-2,一村哲也,430(-2),ディヴィナシオン,9,川田将雅,**,京都,3歳未勝利,芝右1600m ,晴 ,稍重 ,12
3,1:37.8,37.3,1,,2.6,,牡3,56,8,1.1/2,4,[西]藤岡健一,,77.0,4-2,幅田昌伸,488(-6),ノルカソルカ,10,ルメール,**,京都,3歳未勝利,芝右1600m ,晴 ,稍重 ,12
4,1:38.4,37.6,7,,29.9,,牡3,56,1,3.1/2,5,[西]昆貢,,51.0,9-8,寺田寿男,472(-4),キワミ,1,太宰啓介,**,京都,3歳未勝利,芝右1600m ,晴 ,稍重 ,12
5,1:38.5,37.7,8,,72.1,,牝3,54,6,3/4,6,[西]松永幹夫,,,7-6,友駿ホースクラブ,446(-12),マリアネージュ,6,小牧太,**,京都,3歳未勝利,芝右1600m ,晴 ,稍重 ,12
6,1:38.7,37.8,6,,17.9,,牝3,52,6,1.1/4,7,[西]千田輝彦,,,7-9,ゴドルフィン,484(+20),ブラックヒューマー,7,岩田望来,**,京都,3歳未勝利,芝右1600m ,晴 ,稍重 ,12
7,1:38.8,38.4,4,,8.2,,牡3,56,4,1/2,8,[西]音無秀孝,,,2-2,サトミホースカンパニー,456(+12),サトノジヴェルニー,4,福永祐一,**,京都,3歳未勝利,芝右1600m ,晴 ,稍重 ,12
8,1:39.0,38.3,9,,109.3,,牝3,54,7,1.1/4,9,[東]稲垣幸雄,,,6-6,芳賀滿男,444(-10),リーガルレディ,8,石川裕紀,**,京都,3歳未勝利,芝右1600m ,晴 ,稍重 ,12
9,1:39.2,37.9,11,,406.9,,牡3,56,8,1,10,[東]青木孝文,,,11-10,加藤ステーブル,460(0),サンヘイワード,11,藤懸貴志,**,京都,3歳未勝利,芝右1600m ,晴 ,稍重 ,12
10,1:40.7,39.5,10,,222.6,,牡3,53,5,9,11,[西]森秀行,,,10-10,北村和江,432(-2),リトルシャイン,5,服部寿希,**,京都,3歳未勝利,芝右1600m ,晴 ,稍重 ,12
0,1:54.3,36.5,1,,1.7,,牡3,56,4,,1,[西]須貝尚介,,600.0,9-9-8-8,シルクレーシング,532(0),ヴァンタブラック,8,ルメール,**,京都,3歳新馬,ダ右1800m ,晴 ,重 ,12
1,1:54.4,37.3,9,,56.5,,牝3,54,5,1/2,2,[西]大根田裕,,240.0,3-3-2-3,岡浩二,430(0),タンカノキミ,10,国分恭介,**,京都,3歳新馬,ダ右1800m ,晴 ,重 ,12
2,1:54.4,37.4,14,,161.0,,牡3,56,4,クビ,3,[西]石坂公一,,150.0,2-2-2-2,水上行雄,522(0),セルファース,7,藤井勘一,**,京都,3歳新馬,ダ右1800m ,晴 ,重 ,12
3,1:54.9,37.5,2,,4.1,,牡3,56,6,3,4,[西]石橋守,,90.0,6-7-5-3,八木良司,462(0),タガノトランキーロ,11,岡田祥嗣,**,京都,3歳新馬,ダ右1800m ,晴 ,重 ,12
4,1:55.0,38.1,3,,10.8,,牝3,52,1,1/2,5,[西]藤原英昭,,60.0,1-1-1-1,ロードホースクラブ,470(0),トルネードフラッグ,1,岩田望来,**,京都,3歳新馬,ダ右1800m ,晴 ,重 ,12
5,1:55.0,37.3,5,,13.8,,牡3,56,8,アタマ,6,[西]中竹和也,,,12-11-8-9,加藤誠,478(0),アンセッドヴァウ,15,岩田康誠,**,京都,3歳新馬,ダ右1800m ,晴 ,重 ,12
6,1:56.0,38.7,4,,11.5,,牝3,54,1,6,7,[西]松永幹夫,,,5-5-5-5,社台レースホース,492(0),アスワンサンセット,2,福永祐一,**,京都,3歳新馬,ダ右1800m ,晴 ,重 ,12
7,1:56.1,38.7,7,,23.5,,牡3,56,2,1/2,8,[西]浜田多実,,,6-6-5-5,大野照旺,482(0),マテラジニアス,3,川須栄彦,**,京都,3歳新馬,ダ右1800m ,晴 ,重 ,12
8,1:56.7,38.1,12,,99.8,,牡3,56,7,3.1/2,9,[西]吉田直弘,,,12-11-13-13,水上行雄,488(0),キーンウィット,14,国分優作,**,京都,3歳新馬,ダ右1800m ,晴 ,重 ,12
9,1:56.9,39.6,8,,56.1,,牡3,56,7,1.1/4,10,[西]渡辺薫彦,,,3-3-4-5,カナヤマホールディングス,492(0),ジュアン,13,高倉稜,**,京都,3歳新馬,ダ右1800m ,晴 ,重 ,12
10,1:56.9,38.9,15,,253.2,,牝3,54,3,ハナ,11,[西]矢作芳人,,,10-10-11-10,北畑忍,470(0),アンジュブーケ,6,小崎綾也,**,京都,3歳新馬,ダ右1800m ,晴 ,重 ,12
11,1:57.5,39.4,11,,79.9,,牡3,56,6,3.1/2,12,[西]本田優,,,14-14-11-11,松本好雄,540(0),メイショウソウモウ,12,太宰啓介,**,京都,3歳新馬,ダ右1800m ,晴 ,重 ,12
12,1:58.1,40.2,10,,58.6,,牡3,56,3,3.1/2,13,[西]橋田満,,,8-7-10-11,ブルアンドベア,486(0),ブルベアエーカー,5,シュタル,**,京都,3歳新馬,ダ右1800m ,晴 ,重 ,12
13,1:58.7,39.2,13,,145.4,,牡3,56,8,3.1/2,14,[西]松下武士,,,15-15-15-15,ラ・メール,520(0),メートルソヴァール,16,松若風馬,**,京都,3歳新馬,ダ右1800m ,晴 ,重 ,12
14,1:58.9,39.5,16,,308.5,,牡3,53,5,1.1/4,15,[西]池添学,,,16-16-15-15,松本好雄,486(0),メイショウガロンヌ,9,三津谷隼,**,京都,3歳新馬,ダ右1800m ,晴 ,重 ,12
15,1:58.9,39.8,6,,19.7,,牡3,56,2,ハナ,16,[西]安田隆行,,,11-11-14-14,雅苑興業,508(0),カズモンタルチーノ,4,松山弘平,**,京都,3歳新馬,ダ右1800m ,晴 ,重 ,12
0,1:24.2,36.9,1,,1.7,,牡3,56,8,,1,[西]野中賢二,,730.0,6-2,カナヤマホールディングス,512(+6),ヘルシャフト,11,福永祐一,**,京都,3歳1勝クラス,ダ右1400m ,晴 ,重 ,13
1,1:24.8,37.7,2,,4.3,,牡3,56,4,3.1/2,2,[西]松永昌博,,290.0,4-5,岡田牧雄,460(0),テンテキセンセキ,4,幸英明,**,京都,3歳1勝クラス,ダ右1400m ,晴 ,重 ,13
2,1:25.1,36.4,4,,10.6,,牡3,56,2,1.3/4,3,[西]飯田祐史,,180.0,11-10,前田幸治,470(+10),マジックスピーチ,2,和田竜二,**,京都,3歳1勝クラス,ダ右1400m ,晴 ,重 ,13
3,1:25.3,38.3,8,,61.9,,牡3,56,7,1.1/2,4,[西]渡辺薫彦,,110.0,3-2,カナヤマホールディングス,456(-4),ファストボウラー,9,松山弘平,**,京都,3歳1勝クラス,ダ右1400m ,晴 ,重 ,13
4,1:25.3,37.6,6,,25.8,,牡3,54,3,クビ,5,[西]西村真幸,,73.0,8-7,永井啓弍,466(+2),スズカパンサー,3,岩田望来,**,京都,3歳1勝クラス,ダ右1400m ,晴 ,重 ,13
5,1:25.8,38.9,3,,4.9,,牝3,54,5,3,6,[西]武幸四郎,,,2-1,サンデーレーシング,476(-10),ロフティーピーク,5,ルメール,**,京都,3歳1勝クラス,ダ右1400m ,晴 ,重 ,13
6,1:25.9,38.6,7,,51.5,,牝3,54,6,クビ,7,[東]金成貴史,,,4-6,尾上松壽,446(0),コトブキレイア,6,岩田康誠,**,京都,3歳1勝クラス,ダ右1400m ,晴 ,重 ,13
7,1:26.5,39.7,5,,16.8,,牡3,56,1,4,8,[西]南井克巳,,,1-2,井上基之,498(+4),ユキノグローリー,1,川島信二,**,京都,3歳1勝クラス,ダ右1400m ,晴 ,重 ,13
8,1:26.8,38.7,10,,113.4,,牝3,54,8,1.3/4,9,[西]安達昭夫,,,9-9,水上行雄,438(+4),フィニアル,10,国分恭介,**,京都,3歳1勝クラス,ダ右1400m ,晴 ,重 ,13
9,1:27.6,40.2,9,,93.4,,牡3,56,6,5,10,[東]青木孝文,,,7-7,中丸裕嗣,446(+10),キラービー,7,フォーリ,**,京都,3歳1勝クラス,ダ右1400m ,晴 ,重 ,13
10,1:27.8,39.3,11,,170.7,,牝3,54,7,3/4,11,[西]梅田智之,,,10-11,廣崎双葉,436(+14),ヒメサマ,8,川須栄彦,**,京都,3歳1勝クラス,ダ右1400m ,晴 ,重 ,13
0,1:10.7,36.2,3,,5.1,,牡5,57,1,,1,[西]湯窪幸雄,,760.0,1-1,ロイヤルパーク,534(-4),ロイヤルパールス,1,幸英明,**,京都,4歳以上1勝クラス,ダ右1200m ,曇 ,重 ,13
1,1:11.2,35.8,7,,23.5,,牡5,55,7,3,2,[西]浅見秀一,,300.0,8-7,杉山忠国,450(+2),ブライトエンパイア,8,岩田望来,**,京都,4歳以上1勝クラス,ダ右1200m ,曇 ,重 ,13
2,1:11.4,36.4,2,,3.7,,セ4,56,6,1.1/2,3,[西]川村禎彦,,190.0,5-5,杉本豊,470(0),スナークスター,7,松山弘平,**,京都,4歳以上1勝クラス,ダ右1200m ,曇 ,重 ,13
3,1:11.5,36.8,1,,3.1,,牡4,56,7,1/2,4,[西]牧田和弥,,110.0,2-2,キャロットファーム,550(+8),グレートバニヤン,9,ルメール,**,京都,4歳以上1勝クラス,ダ右1200m ,曇 ,重 ,13
4,1:11.7,36.6,6,,13.3,,牡5,57,8,1,5,[西]五十嵐忠,,76.0,5-5,ウイン,472(0),ウインヒストリオン,11,シュタル,**,京都,4歳以上1勝クラス,ダ右1200m ,曇 ,重 ,13
5,1:11.7,35.7,10,,64.0,,牝5,55,8,クビ,6,[西]中尾秀正,,,10-10,万波健二,450(0),ウェーブガイア,10,和田竜二,**,京都,4歳以上1勝クラス,ダ右1200m ,曇 ,重 ,13
6,1:11.8,36.2,9,,33.9,,牡6,57,2,1/2,7,[西]石坂正,,,9-9,石川達絵,476(-6),ハッシュタグ,2,岩田康誠,**,京都,4歳以上1勝クラス,ダ右1200m ,曇 ,重 ,13
7,1:11.9,36.7,4,,6.0,,牡4,56,6,1/2,8,[西]清水久詞,,,7-7,林正道,480(+6),メジャーハリケーン,6,池添謙一,**,京都,4歳以上1勝クラス,ダ右1200m ,曇 ,重 ,13
8,1:13.1,37.0,11,,84.9,,牝6,55,4,7,9,[西]小崎憲,,,11-11,谷和光彦,468(+6),ブライトメジャー,4,小崎綾也,**,京都,4歳以上1勝クラス,ダ右1200m ,曇 ,重 ,13
9,1:13.3,38.6,8,,24.4,,牡4,56,5,1.1/4,10,[西]佐々木晶,,,2-2,島川隆哉,488(+2),トーセンマイスター,5,松若風馬,**,京都,4歳以上1勝クラス,ダ右1200m ,曇 ,重 ,13
10,1:13.6,38.9,5,,11.4,,牡4,56,3,2,11,[西]中内田充,,,2-2,松本好隆,478(-6),メイショウハート,3,川田将雅,**,京都,4歳以上1勝クラス,ダ右1200m ,曇 ,重 ,13
0,2:28.4,36.1,5,,10.7,,牡9,54,8,,1,[西]斉藤崇史,,"1,523.1",2-2-2-1,シルクレーシング,496(+6),ヴィッセン,10,シュタル,**,京都,睦月賞 ,芝右外2400m ,曇 ,稍重 ,14
1,2:28.6,35.8,6,,36.6,,牡5,54,1,1.1/2,2,[西]浅見秀一,,606.6,6-6-6-6,大塚亮一,460(+10),フィールインラヴ,1,岩田康誠,**,京都,睦月賞 ,芝右外2400m ,曇 ,稍重 ,14
2,2:29.6,37.0,1,,1.9,,牡4,56,7,6,3,[西]池江泰寿,,383.3,5-5-5-4,サンデーレーシング,492(-4),プランドラー,8,ルメール,**,京都,睦月賞 ,芝右外2400m ,曇 ,稍重 ,14
3,2:29.6,36.1,9,,110.9,,牡4,53,4,クビ,4,[西]服部利之,,230.0,8-8-10-10,熊田義孝,440(-8),ジョウショームード,4,国分恭介,**,京都,睦月賞 ,芝右外2400m ,曇 ,稍重 ,14
4,2:29.7,37.2,2,,3.2,,セ4,55,7,クビ,5,[西]橋口慎介,,150.0,3-3-3-3,西村健,506(+4),ゴースト,7,フォーリ,**,京都,睦月賞 ,芝右外2400m ,曇 ,稍重 ,14
5,2:30.2,37.7,7,,43.0,,牡7,53,5,3,6,[西]作田誠二,,,3-3-3-4,小川勲,512(+4),ダイナミックアロー,5,川須栄彦,**,京都,睦月賞 ,芝右外2400m ,曇 ,稍重 ,14
6,2:30.2,37.2,3,,6.9,,牝6,54,6,クビ,7,[西]音無秀孝,,,9-8-7-7,キャロットファーム,456(+14),アロマドゥルセ,6,川田将雅,**,京都,睦月賞 ,芝右外2400m ,曇 ,稍重 ,14
7,2:30.8,37.6,10,,165.0,,牡5,53,3,3.1/2,8,[西]石坂正,,,7-7-8-8,馬場幸夫,492(0),グーテンターク,3,坂井瑠星,**,京都,睦月賞 ,芝右外2400m ,曇 ,稍重 ,14
8,2:31.0,37.7,8,,74.2,,牡7,54,8,1.1/2,9,[東]武市康男,,,9-10-8-8,Ｈ．ＦＡｓｓｏｃｉａｔｉｏｎ,464(-4),イルフォーコン,9,和田竜二,**,京都,睦月賞 ,芝右外2400m ,曇 ,稍重 ,14
9,2:31.2,38.9,4,,7.9,,牡6,55,2,1.1/2,10,[西]昆貢,,,1-1-1-2,ノルマンディーサラブレッドレーシング,528(-4),ブラックジェイド,2,四位洋文,**,京都,睦月賞 ,芝右外2400m ,曇 ,稍重 ,14
0,1:51.1,36.2,3,,5.0,,牡5,57,4,,1,[西]安達昭夫,,"1,522.4",2-2-3-3,サン,504(-4),マリオ,4,幸英明,**,京都,蹴上特別 ,ダ右1800m ,曇 ,重 ,15
1,1:51.4,36.5,4,,5.8,,牡7,57,1,2,2,[西]中竹和也,,606.4,3-3-3-3,加藤守,470(+2),カフジキング,1,ルメール,**,京都,蹴上特別 ,ダ右1800m ,曇 ,重 ,15
2,1:51.6,36.4,1,,2.5,,牡4,56,6,1.1/4,3,[西]大久保龍,,383.2,5-5-5-5,吉田照哉,448(-2),シェパードボーイ,6,福永祐一,**,京都,蹴上特別 ,ダ右1800m ,曇 ,重 ,15
3,1:52.0,37.4,8,,34.0,,牡6,57,8,2.1/2,4,[西]五十嵐忠,,230.0,3-3-1-1,サラブレッドクラブ・ラフィアン,450(+14),マイネルブロッケン,9,国分恭介,**,京都,蹴上特別 ,ダ右1800m ,曇 ,重 ,15
4,1:52.2,36.7,2,,3.1,,牝4,54,5,1.1/4,5,[西]角居勝彦,,150.0,8-8-8-6,グランド牧場,454(+4),レディマドンナ,5,川田将雅,**,京都,蹴上特別 ,ダ右1800m ,曇 ,重 ,15
5,1:52.5,36.8,7,,26.3,,牡4,56,7,1.1/2,6,[西]山内研二,,,9-9-9-9,岡浩二,522(0),メスキータ,7,古川吉洋,**,京都,蹴上特別 ,ダ右1800m ,曇 ,重 ,15
6,1:52.5,37.1,5,,17.2,,セ4,56,3,クビ,7,[西]寺島良,,,6-5-6-6,サンエイ開発,470(-2),ヒロノセンキン,3,松山弘平,**,京都,蹴上特別 ,ダ右1800m ,曇 ,重 ,15
7,1:52.7,37.3,9,,165.2,,牡6,57,8,1.1/4,8,[西]大橋勇樹,,,6-7-6-6,松本和子,500(+10),メイショウイッポン,8,富田暁,**,京都,蹴上特別 ,ダ右1800m ,曇 ,重 ,15
8,1:52.9,38.3,6,,22.6,,牡4,56,2,1.1/2,9,[西]野中賢二,,,1-1-2-2,吉田照哉,456(+8),ポップフランセ,2,岩田望来,**,京都,蹴上特別 ,ダ右1800m ,曇 ,重 ,15
0,1:22.5,35.6,1,,3.0,,牝4,53,2,,1,[西]石坂正,,"1,853.6",7-6,サンデーレーシング,442(+6),ドナウデルタ,3,川田将雅,**,京都,石清水ステークス ,芝右外1400m ,曇 ,稍重 ,15
1,1:22.7,35.6,2,,3.8,,牝4,54,5,1.1/4,2,[西]吉村圭司,,739.6,9-9,社台レースホース,418(0),アクアミラビリス,10,ルメール,**,京都,石清水ステークス ,芝右外1400m ,曇 ,稍重 ,15
2,1:22.7,36.2,8,,19.1,,牝5,53,3,クビ,3,[西]清水久詞,,464.8,2-2,前原敏行,482(0),アンリミット,6,城戸義政,**,京都,石清水ステークス ,芝右外1400m ,曇 ,稍重 ,15
3,1:22.8,35.5,5,,14.1,,セ7,56,6,クビ,4,[西]安達昭夫,,270.0,12-11,水上行雄,508(0),キアロスクーロ,11,幸英明,**,京都,石清水ステークス ,芝右外1400m ,曇 ,稍重 ,15
4,1:23.0,36.1,12,,37.1,,セ7,54,8,1.1/4,5,[西]昆貢,,182.0,7-6,ヒルノ,500(+2),ヒルノマゼラン,16,古川吉洋,**,京都,石清水ステークス ,芝右外1400m ,曇 ,稍重 ,15
5,1:23.0,35.9,10,,26.3,,牡4,55,6,クビ,6,[西]池添兼雄,,,9-9,国本哲秀,490(+10),ショウナンタイガ,12,池添謙一,**,京都,石清水ステークス ,芝右外1400m ,曇 ,稍重 ,15
6,1:23.0,35.2,7,,16.8,,牡5,55,4,ハナ,7,[西]昆貢,,,16-15,寺田千代乃,488(-4),インスピレーション,8,四位洋文,**,京都,石清水ステークス ,芝右外1400m ,曇 ,稍重 ,15
7,1:23.1,36.4,9,,19.1,,牡5,55,5,1/2,8,[西]高野友和,,,4-4,大樹ファーム,494(0),タイキサターン,9,フォーリ,**,京都,石清水ステークス ,芝右外1400m ,曇 ,稍重 ,15
8,1:23.4,36.7,6,,15.1,,牝4,54,4,2,9,[西]寺島良,,,4-4,村上稔,492(+20),ジュランビル,7,和田竜二,**,京都,石清水ステークス ,芝右外1400m ,曇 ,稍重 ,15
9,1:23.4,36.0,3,,6.4,,牡4,55,1,ハナ,10,[西]矢作芳人,,,12-13,ライオンレースホース,532(+6),ユニコーンライオン,1,坂井瑠星,**,京都,石清水ステークス ,芝右外1400m ,曇 ,稍重 ,15
10,1:23.4,35.7,11,,29.7,,牡6,56,1,アタマ,11,[西]矢作芳人,,,15-15,サンデーレーシング,508(+8),オールザゴー,2,シュタル,**,京都,石清水ステークス ,芝右外1400m ,曇 ,稍重 ,15
11,1:23.5,36.6,16,,436.3,,牝6,52,8,1/2,12,[西]梅田智之,,,6-8,廣崎利洋ＨＤ,480(+4),コロラトゥーレ,15,川須栄彦,**,京都,石清水ステークス ,芝右外1400m ,曇 ,稍重 ,15
12,1:23.7,36.4,13,,82.0,,牝6,53,7,1.1/4,13,[西]池添兼雄,,,11-11,山田博康,464(-2),ヤマカツグレース,13,富田暁,**,京都,石清水ステークス ,芝右外1400m ,曇 ,稍重 ,15
13,1:23.9,36.4,14,,150.7,,牝6,51,2,1.1/4,14,[西]荒川義之,,,14-13,加藤徹,438(0),フェルトベルク,4,川島信二,**,京都,石清水ステークス ,芝右外1400m ,曇 ,稍重 ,15
14,1:24.4,38.2,4,,12.0,,牡6,55,3,3,15,[西]鈴木孝志,,,1-1,田畑利彦,502(+4),グランドロワ,5,岩崎翼,**,京都,石清水ステークス ,芝右外1400m ,曇 ,稍重 ,15
15,1:25.9,39.4,15,,402.6,,牡5,53,7,9,16,[西]北出成人,,,2-2,ノースヒルズ,486(+4),ラフィングマッチ,14,太宰啓介,**,京都,石清水ステークス ,芝右外1400m ,曇 ,稍重 ,15
0,1:49.3,34.9,2,,3.3,,牡4,56,5,,1,[西]岡田稲男,,760.0,8-7,カナヤマホールディングス,468(-6),パトリック,5,松山弘平,**,京都,4歳以上1勝クラス,芝右外1800m ,曇 ,稍重 ,16
1,1:49.4,35.8,3,,3.4,,牡4,56,1,3/4,2,[西]松田国英,,300.0,2-3,サトミホースカンパニー,490(0),サトノウィザード,1,福永祐一,**,京都,4歳以上1勝クラス,芝右外1800m ,曇 ,稍重 ,16
2,1:50.4,36.9,4,,8.4,,牡4,54,8,6,3,[西]藤原英昭,,190.0,2-2,島川隆哉,498(+14),トーセンスカイ,9,岩田望来,**,京都,4歳以上1勝クラス,芝右外1800m ,曇 ,稍重 ,16
3,1:50.4,36.4,1,,2.6,,牡4,56,2,クビ,4,[西]友道康夫,,110.0,5-6,近藤旬子,480(+4),アドマイヤポラリス,2,ルメール,**,京都,4歳以上1勝クラス,芝右外1800m ,曇 ,稍重 ,16
4,1:50.5,37.2,6,,34.3,,牡7,57,7,クビ,5,[西]河内洋,,76.0,1-1,松岡隆雄,496(-4),サンライズクロンヌ,7,岡田祥嗣,**,京都,4歳以上1勝クラス,芝右外1800m ,曇 ,稍重 ,16
5,1:50.8,36.9,7,,49.6,,牝4,54,4,2,6,[西]西橋豊治,,,5-4,田畑富子,422(-2),ベストクィーン,4,和田竜二,**,京都,4歳以上1勝クラス,芝右外1800m ,曇 ,稍重 ,16
6,1:51.0,36.5,8,,129.4,,牡5,57,3,1.1/4,7,[西]西橋豊治,,,9-8,永井啓弍,456(+2),サワヤカタイド,3,国分恭介,**,京都,4歳以上1勝クラス,芝右外1800m ,曇 ,稍重 ,16
7,1:52.6,38.3,9,,195.5,,セ6,54,6,10,8,[西]作田誠二,,,5-8,栗本博晴,430(-8),クリノアパッチ,6,三津谷隼,**,京都,4歳以上1勝クラス,芝右外1800m ,曇 ,稍重 ,16
8,1:52.7,38.9,5,,9.2,,セ4,56,8,3/4,9,[西]高橋亮,,,4-4,松本好隆,444(-2),メイショウクライム,8,幸英明,**,京都,4歳以上1勝クラス,芝右外1800m ,曇 ,稍重 ,16
0,0:57.9,35.1,2,,3.1,,牡3,56,7,,1,[西]浅見秀一,,510.0,1-1,林正道,552(-2),イッシン,11,鮫島克駿,**,小倉,3歳未勝利,ダ右1000m ,曇 ,重 ,09
1,0:59.2,36.4,1,,2.8,,牝3,53,4,8,2,[西]牧浦充徳,,200.0,2-2,下河辺隆行,484(-10),レディオタイムズ,5,西村淳也,**,小倉,3歳未勝利,ダ右1000m ,曇 ,重 ,09
2,0:59.4,35.9,3,,6.0,,牡3,56,4,1.1/4,3,[東]武藤善則,,130.0,10-10,田中晴夫,468(-6),キョウエイリヴァル,6,菱田裕二,**,小倉,3歳未勝利,ダ右1000m ,曇 ,重 ,09
3,0:59.4,36.3,5,,14.3,,牡3,56,2,ハナ,4,[東]高橋祥泰,,77.0,4-5,鈴木芳夫,490(+4),ディーカラーズ,2,丹内祐次,**,小倉,3歳未勝利,ダ右1000m ,曇 ,重 ,09
4,0:59.4,36.5,12,,58.3,,牝3,51,8,ハナ,5,[西]藤沢則雄,,51.0,3-3,森中蕃,444(-6),シゲルハクチョウザ,13,亀田温心,**,小倉,3歳未勝利,ダ右1000m ,曇 ,重 ,09
5,0:59.4,36.0,8,,33.6,,牝3,54,3,クビ,6,[西]松永幹夫,,,8-6,岡浩二,440(+4),イトシキオモイ,4,吉田隼人,**,小倉,3歳未勝利,ダ右1000m ,曇 ,重 ,09
6,0:59.5,36.5,4,,7.4,,牝3,51,1,1/2,7,[西]佐々木晶,,,4-3,日進牧場,462(-4),フェールアシュバル,1,団野大成,**,小倉,3歳未勝利,ダ右1000m ,曇 ,重 ,09
7,0:59.6,36.3,10,,39.8,,牡3,56,6,クビ,8,[西]今野貞一,,,7-6,萩英男,422(-12),プリンスオブジオン,10,佐藤友則,**,小倉,3歳未勝利,ダ右1000m ,曇 ,重 ,09
8,0:59.8,36.4,11,,58.1,,牝3,54,6,1.1/2,9,[東]蛯名利弘,,,8-6,北所直人,472(+14),キタノマナザシ,9,丸田恭介,**,小倉,3歳未勝利,ダ右1000m ,曇 ,重 ,09
9,0:59.9,35.8,7,,29.3,,牝3,54,3,1/2,10,[西]大橋勇樹,,,14-14,谷口久和,432(-4),ミキノエイトビート,3,柴山雄一,**,小倉,3歳未勝利,ダ右1000m ,曇 ,重 ,09
10,1:00.0,36.5,6,,27.9,,牡3,54,7,1/2,11,[東]根本康広,,,10-12,ノルマンディーサラブレッドレーシング,492(0),アンブローニュ,12,藤田菜七,**,小倉,3歳未勝利,ダ右1000m ,曇 ,重 ,09
11,1:00.0,36.3,13,,88.2,,牡3,53,5,ハナ,12,[東]松永康利,,,12-12,北所直人,484(-2),キタノシャンティ,8,山田敬士,**,小倉,3歳未勝利,ダ右1000m ,曇 ,重 ,09
12,1:00.4,36.7,14,,92.1,,牡3,56,5,2.1/2,13,[西]川村禎彦,,,12-10,栄進堂,436(-10),エイシンパワフル,7,酒井学,**,小倉,3歳未勝利,ダ右1000m ,曇 ,重 ,09
13,1:00.8,37.7,9,,33.9,,牡3,54,8,2.1/2,14,[東]中川公成,,,4-6,島川隆哉,438(+2),トーセンシーバス,14,斎藤新,**,小倉,3歳未勝利,ダ右1000m ,曇 ,重 ,09
0,1:45.2,37.2,3,,3.7,,牝3,54,6,,1,[西]西橋豊治,,510.0,2-2-2-2,高橋ファーム,452(0),フィロス,7,藤岡康太,**,小倉,3歳未勝利,ダ右1700m ,曇 ,重 ,10
1,1:45.3,37.4,2,,3.6,,牡3,54,7,1/2,2,[西]藤沢則雄,,200.0,1-1-1-1,松本好雄,472(-8),メイショウオイワキ,9,斎藤新,**,小倉,3歳未勝利,ダ右1700m ,曇 ,重 ,10
2,1:45.6,37.3,4,,6.0,,牡3,56,7,2,3,[西]安田翔伍,,130.0,6-5-3-3,原禮子,474(-8),オメガドラゴン,8,吉田隼人,**,小倉,3歳未勝利,ダ右1700m ,曇 ,重 ,10
3,1:45.9,37.7,6,,12.8,,牡3,56,3,1.3/4,4,[東]鈴木伸尋,,77.0,2-3-3-3,西田俊二,428(+2),ネオボーゲン,3,横山武史,**,小倉,3歳未勝利,ダ右1700m ,曇 ,重 ,10
4,1:47.0,38.8,11,,243.7,,牝3,54,8,7,5,[東]水野貴広,,51.0,2-3-3-5,吉木伸彦,464(-10),ノーブルフェアリー,10,勝浦正樹,**,小倉,3歳未勝利,ダ右1700m ,曇 ,重 ,10
5,1:47.0,38.1,5,,9.7,,牡3,56,1,クビ,6,[東]和田勇介,,,11-10-7-8,サラブレッドクラブ・ラフィアン,450(0),マイネルエンカント,1,丹内祐次,**,小倉,3歳未勝利,ダ右1700m ,曇 ,重 ,10
6,1:47.2,38.6,1,,3.3,,牡3,54,2,1,7,[西]松田国英,,,5-5-6-6,辻高史,534(-4),ルヴァンギラ,2,藤田菜七,**,小倉,3歳未勝利,ダ右1700m ,曇 ,重 ,10
7,1:47.4,38.5,7,,33.5,,牝3,51,5,1.1/4,8,[西]平田修,,,8-9-7-8,松岡隆雄,444(-6),トレボウソレイユ,5,団野大成,**,小倉,3歳未勝利,ダ右1700m ,曇 ,重 ,10
8,1:47.9,39.1,8,,44.6,,セ3,56,8,3,9,[西]宮徹,,,8-8-7-6,ノルマンディーサラブレッドレーシング,474(-10),アースライザー,11,藤岡佑介,**,小倉,3歳未勝利,ダ右1700m ,曇 ,重 ,10
9,1:48.1,39.2,9,,145.4,,牡3,56,4,1.1/4,10,[西]荒川義之,,,7-7-7-10,松田整二,456(0),ココアブラウン,4,田中健,**,小倉,3歳未勝利,ダ右1700m ,曇 ,重 ,10
10,1:51.3,39.7,10,,205.1,,牡3,56,6,大,11,[西]川村禎彦,,,10-11-11-11,ブルアンドベア,492(-4),ブルベアミリオン,6,鮫島克駿,**,小倉,3歳未勝利,ダ右1700m ,曇 ,重 ,10
0,1:09.9,36.5,6,,9.9,,牝3,51,6,,1,[東]青木孝文,,510.0,2-2,長塩豊,440(0),リッチクレマチス,12,山田敬士,**,小倉,3歳未勝利,芝右1200m ,曇 ,稍重 ,10
1,1:10.1,36.9,8,,24.0,,牝3,54,1,1.1/4,2,[東]岩戸孝樹,,200.0,1-1,田頭勇貴,452(+4),シャイニールミナス,2,横山武史,**,小倉,3歳未勝利,芝右1200m ,曇 ,稍重 ,10
2,1:10.5,36.7,5,,9.9,,牝3,54,1,2.1/2,3,[東]菊川正達,,130.0,4-5,ビッグレッドファーム,428(+2),テンジュイン,1,丹内祐次,**,小倉,3歳未勝利,芝右1200m ,曇 ,稍重 ,10
3,1:10.7,36.6,2,,4.9,,牝3,54,3,1.1/4,4,[西]宮本博,,77.0,7-7,ノースヒルズ,438(-14),マリスドランジュ,5,鮫島克駿,**,小倉,3歳未勝利,芝右1200m ,曇 ,稍重 ,10
4,1:10.7,36.3,14,,130.6,,牝3,54,5,ハナ,5,[東]竹内正洋,,51.0,11-9,ヒダカ・ブリーダーズ・ユニオン,438(+4),リオマッジョーレ,9,木幡初也,**,小倉,3歳未勝利,芝右1200m ,曇 ,稍重 ,10
5,1:10.7,35.8,15,,210.8,,牝3,54,7,クビ,6,[東]古賀史生,,,16-13,海原聖一,428(-2),サフランフラワー,13,黛弘人,**,小倉,3歳未勝利,芝右1200m ,曇 ,稍重 ,10
6,1:11.1,37.0,4,,9.5,,牝3,54,3,2.1/2,7,[西]荒川義之,,,7-9,兼松忠男,420(-10),マイレリーフ,6,田中健,**,小倉,3歳未勝利,芝右1200m ,曇 ,稍重 ,10
7,1:11.4,37.5,9,,29.9,,牝3,52,4,1.3/4,8,[東]大江原哲,,,6-5,田頭勇貴,446(0),ディーバダンス,8,斎藤新,**,小倉,3歳未勝利,芝右1200m ,曇 ,稍重 ,10
8,1:11.4,37.9,3,,9.3,,牝3,53,8,クビ,9,[西]須貝尚介,,,3-3,三嶋牧場,432(+6),ポーカークイーン,17,西村淳也,**,小倉,3歳未勝利,芝右1200m ,曇 ,稍重 ,10
9,1:11.5,37.4,7,,23.0,,牝3,54,2,クビ,10,[東]蛯名利弘,,,7-8,荻伏服部牧場,432(+4),ラファームソルティ,3,丸田恭介,**,小倉,3歳未勝利,芝右1200m ,曇 ,稍重 ,10
10,1:11.5,36.8,13,,104.5,,牝3,54,8,クビ,11,[西]本田優,,,15-16,吉岡輝美,470(-4),タッシーアンジェラ,15,酒井学,**,小倉,3歳未勝利,芝右1200m ,曇 ,稍重 ,10
11,1:11.5,37.1,10,,34.9,,牝3,54,4,アタマ,12,[西]池添兼雄,,,11-11,水谷昌晃,420(-18),メモリアルクイーン,7,秋山真一,**,小倉,3歳未勝利,芝右1200m ,曇 ,稍重 ,10
12,1:11.6,37.1,17,,334.8,,牝3,51,7,1/2,13,[西]長谷川浩,,,13-13,辻牧場,452(-6),エンレイ,14,亀田温心,**,小倉,3歳未勝利,芝右1200m ,曇 ,稍重 ,10
13,1:12.0,37.8,12,,71.2,,牝3,54,8,2.1/2,14,[東]粕谷昌央,,,10-11,ヒダカ・ブリーダーズ・ユニオン,434(+12),シュシュダムール,16,柴田大知,**,小倉,3歳未勝利,芝右1200m ,曇 ,稍重 ,10
14,1:12.3,38.6,1,,2.3,,牝3,54,2,1.3/4,15,[西]作田誠二,,,4-4,前田剛,432(-6),ゴープラチナム,4,藤岡佑介,**,小倉,3歳未勝利,芝右1200m ,曇 ,稍重 ,10
15,1:12.5,38.0,16,,263.7,,牝3,54,5,1.1/2,16,[東]佐藤吉勝,,,13-13,片山博志,406(-6),チンクエテッレ,10,杉原誠人,**,小倉,3歳未勝利,芝右1200m ,曇 ,稍重 ,10
16,1:14.6,39.1,11,,64.0,,牝3,52,6,大,17,[東]天間昭一,,,17-17,華山龍一,432(+2),ハナノルージュ,11,藤田菜七,**,小倉,3歳未勝利,芝右1200m ,曇 ,稍重 ,10
0,1:50.8,37.1,1,,1.9,,牡3,56,5,,1,[西]高橋義忠,,510.0,4-3-4-4,ゴドルフィン,474(-2),アイロンワークス,6,吉田隼人,**,小倉,3歳未勝利,芝右1800m ,曇 ,稍重 ,11
1,1:52.0,37.7,2,,3.6,,牝3,54,1,7,2,[西]大久保龍,,200.0,9-8-7-6,ゴドルフィン,430(-18),サマーエモーション,1,横山武史,**,小倉,3歳未勝利,芝右1800m ,曇 ,稍重 ,11
2,1:52.6,39.1,3,,6.1,,牝3,54,5,3.1/2,3,[西]角居勝彦,,130.0,2-2-2-1,大川徹,456(-4),スマートアリエル,7,藤岡康太,**,小倉,3歳未勝利,芝右1800m ,曇 ,稍重 ,11
3,1:52.7,39.2,5,,14.3,,牡3,56,7,3/4,4,[西]宮徹,,77.0,3-3-2-2,サラブレッドクラブ・ラフィアン,530(-8),マイネルアイガテ,10,丹内祐次,**,小倉,3歳未勝利,芝右1800m ,曇 ,稍重 ,11
4,1:52.8,39.1,7,,24.3,,牝3,54,7,1/2,5,[東]岩戸孝樹,,51.0,6-5-4-4,村山卓也,438(0),ムーンフェアリー,11,丸田恭介,**,小倉,3歳未勝利,芝右1800m ,曇 ,稍重 ,11
5,1:53.1,38.3,4,,13.8,,牝3,54,8,2,6,[東]武藤善則,,,11-11-11-10,吉田照哉,416(+4),パラティーノヒル,13,荻野極,**,小倉,3歳未勝利,芝右1800m ,曇 ,稍重 ,11
6,1:53.1,38.8,8,,74.6,,牝3,54,6,ハナ,7,[東]田中剛,,,6-7-7-8,ウイン,400(-2),ウインクランベリー,9,黛弘人,**,小倉,3歳未勝利,芝右1800m ,曇 ,稍重 ,11
7,1:53.1,39.6,9,,79.8,,牝3,53,3,クビ,8,[西]中尾秀正,,,1-1-1-2,ジェイアール,454(-14),ビックマム,3,西村淳也,**,小倉,3歳未勝利,芝右1800m ,曇 ,稍重 ,11
8,1:53.4,39.5,10,,110.5,,牡3,53,6,2,9,[東]大竹正博,,,4-5-6-6,国本哲秀,490(-2),ショウナンサモン,8,団野大成,**,小倉,3歳未勝利,芝右1800m ,曇 ,稍重 ,11
9,1:53.5,39.0,6,,19.8,,牡3,56,8,クビ,10,[西]森秀行,,,9-8-10-10,加藤和夫,522(+24),ジャスパージャガー,12,佐藤友則,**,小倉,3歳未勝利,芝右1800m ,曇 ,稍重 ,11
10,1:53.6,38.4,11,,121.7,,牡3,53,4,3/4,11,[東]小桧山悟,,,11-12-12-12,西山茂行,460(+12),ニシノコードブルー,5,山田敬士,**,小倉,3歳未勝利,芝右1800m ,曇 ,稍重 ,11
11,1:53.7,39.5,12,,135.0,,牡3,56,2,クビ,12,[西]大根田裕,,,8-8-7-8,田畑富子,470(-2),トキノハヤテ,2,菱田裕二,**,小倉,3歳未勝利,芝右1800m ,曇 ,稍重 ,11
12,1:53.9,38.5,13,,366.0,,牡3,53,4,1.1/2,13,[東]伊藤伸一,,,13-13-13-13,大久保與志雄,468(+10),ソレユケタケコ,4,小林凌大,**,小倉,3歳未勝利,芝右1800m ,曇 ,稍重 ,11
0,2:04.1,37.7,4,,12.1,,牡3,56,1,,1,[東]田中博康,,510.0,5-5-4-2,山口裕介,436(+6),ザンパータ,1,黛弘人,**,小倉,3歳未勝利,芝右2000m ,曇 ,稍重 ,12
1,2:04.1,37.5,3,,3.4,,牡3,56,8,クビ,2,[東]堀宣行,,200.0,8-8-7-2,サトミホースカンパニー,512(+22),サトノエスペランサ,8,藤岡佑介,**,小倉,3歳未勝利,芝右2000m ,曇 ,稍重 ,12
2,2:04.5,38.4,6,,20.4,,牝3,54,7,2.1/2,3,[東]菊川正達,,130.0,1-1-1-1,中村祐子,440(-8),コンカルノー,7,杉原誠人,**,小倉,3歳未勝利,芝右2000m ,曇 ,稍重 ,12
3,2:05.6,39.1,8,,33.9,,牝3,54,2,7,4,[東]田中清隆,,77.0,5-5-5-5,ビッグレッドファーム,394(-6),チャオコーリー,2,丹内祐次,**,小倉,3歳未勝利,芝右2000m ,曇 ,稍重 ,12
4,2:05.9,39.6,7,,31.4,,牡3,56,6,1.3/4,5,[西]吉田直弘,,51.0,3-2-2-4,グランデオーナーズ,434(-2),ハイパーステージ,6,佐藤友則,**,小倉,3歳未勝利,芝右2000m ,曇 ,稍重 ,12
5,2:06.1,39.4,9,,141.9,,牡3,56,3,1.1/2,6,[西]杉山晴紀,,,9-8-7-5,雅苑興業,500(-6),ヴァランセカズマ,3,鮫島克駿,**,小倉,3歳未勝利,芝右2000m ,曇 ,稍重 ,12
6,2:06.5,39.8,2,,3.2,,牡3,56,8,2.1/2,7,[西]池江泰寿,,,7-7-7-9,池江泰郎,458(+6),クレアーレ,9,横山武史,**,小倉,3歳未勝利,芝右2000m ,曇 ,稍重 ,12
7,2:06.8,40.3,1,,2.6,,牝3,54,4,1.1/2,8,[西]友道康夫,,,3-2-5-8,近藤旬子,472(-10),アドマイヤミモザ,4,藤岡康太,**,小倉,3歳未勝利,芝右2000m ,曇 ,稍重 ,12
8,2:08.0,41.7,5,,15.3,,牝3,53,5,7,9,[西]千田輝彦,,,2-2-2-5,社台レースホース,480(-4),グラマラスマリー,5,西村淳也,**,小倉,3歳未勝利,芝右2000m ,曇 ,稍重 ,12
0,1:45.1,37.5,10,,51.0,,牝4,51,6,,1,[西]西園正都,,760.0,7-6-5-2,八木良司,476(+2),タガノハツコイ,8,亀田温心,**,小倉,4歳以上1勝クラス,ダ右1700m ,曇 ,重 ,12
1,1:45.1,37.7,7,,14.0,,牝6,52,7,クビ,2,[東]深山雅史,,300.0,3-4-3-2,ヒダカ・ブリーダーズ・ユニオン,482(+2),スズカゼ,9,山田敬士,**,小倉,4歳以上1勝クラス,ダ右1700m ,曇 ,重 ,12
2,1:45.2,37.4,5,,7.2,,牝6,55,2,クビ,3,[東]萩原清,,190.0,6-6-7-7,金子真人ホールディングス,490(-6),ミンネザング,2,横山武史,**,小倉,4歳以上1勝クラス,ダ右1700m ,曇 ,重 ,12
3,1:45.3,37.3,1,,3.5,,牝4,54,3,1/2,4,[西]奥村豊,,110.0,10-10-10-9,下河辺俊行,480(-4),ルーアン,3,藤岡康太,**,小倉,4歳以上1勝クラス,ダ右1700m ,曇 ,重 ,12
4,1:45.3,37.7,3,,5.0,,牝7,53,5,クビ,5,[東]栗田徹,,76.0,5-5-5-5,梅澤明,456(+6),チビノヴァルタン,5,藤田菜七,**,小倉,4歳以上1勝クラス,ダ右1700m ,曇 ,重 ,12
5,1:45.5,37.7,6,,11.3,,牝5,54,7,1.1/2,6,[西]山内研二,,,9-8-7-7,ノルマンディーサラブレッドレーシング,428(-2),クイーンズトゥルー,10,西村淳也,**,小倉,4歳以上1勝クラス,ダ右1700m ,曇 ,重 ,12
6,1:45.6,38.2,4,,5.7,,牝4,51,1,クビ,7,[西]浜田多実,,,3-2-3-2,小國和紀,482(-14),ジュリアヴィーナス,1,団野大成,**,小倉,4歳以上1勝クラス,ダ右1700m ,曇 ,重 ,12
7,1:45.8,38.0,8,,28.8,,牝5,55,4,1.1/4,8,[東]鹿戸雄一,,,8-8-7-9,浅沼廣幸,462(-14),デルマシャンパン,4,吉田隼人,**,小倉,4歳以上1勝クラス,ダ右1700m ,曇 ,重 ,12
8,1:45.9,38.7,2,,4.8,,牝4,52,5,3/4,9,[東]斎藤誠,,,1-1-1-1,ロードホースクラブ,492(-6),エリーキャナル,6,斎藤新,**,小倉,4歳以上1勝クラス,ダ右1700m ,曇 ,重 ,12
9,1:46.2,37.3,12,,163.7,,牝4,53,6,1.1/2,10,[西]中尾秀正,,,12-12-12-12,栗本博晴,482(+8),クリノクルミチャン,7,森裕太朗,**,小倉,4歳以上1勝クラス,ダ右1700m ,曇 ,重 ,12
10,1:46.3,38.2,9,,39.8,,牝4,54,8,1/2,11,[西]山内研二,,,10-10-11-9,斉藤等,464(-4),アレグレモエティー,12,鮫島克駿,**,小倉,4歳以上1勝クラス,ダ右1700m ,曇 ,重 ,12
11,1:47.3,40.0,11,,104.3,,牝4,54,8,6,12,[東]牧光二,,,2-2-2-5,矢野まり子,482(0),マリノオークション,11,丹内祐次,**,小倉,4歳以上1勝クラス,ダ右1700m ,曇 ,重 ,12
0,1:10.0,36.0,13,,82.0,,牡4,56,2,,1,[東]鈴木伸尋,,760.0,6-4,吉冨学,502(-4),トモジャファイブ,4,横山武史,**,小倉,4歳以上1勝クラス,芝右1200m ,曇 ,稍重 ,13
1,1:10.1,35.9,11,,32.1,,牡4,56,8,1/2,2,[西]本田優,,300.0,9-8,八木良司,444(+6),タガノカルラ,15,酒井学,**,小倉,4歳以上1勝クラス,芝右1200m ,曇 ,稍重 ,13
2,1:10.3,35.5,7,,16.6,,牡4,56,8,1,3,[東]岩戸孝樹,,190.0,14-13,中村智幸,440(+8),ガイセン,16,丹内祐次,**,小倉,4歳以上1勝クラス,芝右1200m ,曇 ,稍重 ,13
3,1:10.4,36.3,1,,2.9,,牝4,53,4,3/4,4,[西]藤岡健一,,110.0,8-7,栄進堂,440(+6),エイシンゾーン,8,西村淳也,**,小倉,4歳以上1勝クラス,芝右1200m ,曇 ,稍重 ,13
4,1:10.4,37.0,5,,9.4,,牡5,57,2,アタマ,5,[西]浅見秀一,,76.0,2-2,林正道,482(+10),クルークヴァール,3,鮫島克駿,**,小倉,4歳以上1勝クラス,芝右1200m ,曇 ,稍重 ,13
5,1:10.4,35.8,2,,4.8,,牝6,55,4,ハナ,6,[西]須貝尚介,,,13-13,大塚亮一,486(0),ヴィーナスフローラ,7,吉田隼人,**,小倉,4歳以上1勝クラス,芝右1200m ,曇 ,稍重 ,13
6,1:10.7,36.2,12,,49.4,,牡5,54,6,2,7,[西]北出成人,,,11-11,儀賀好子,480(0),ルールダーマ,11,亀田温心,**,小倉,4歳以上1勝クラス,芝右1200m ,曇 ,稍重 ,13
7,1:10.9,37.0,4,,7.4,,牡4,53,6,1,8,[西]牧浦充徳,,,5-4,山田貢一,458(-2),ボナセーラ,12,団野大成,**,小倉,4歳以上1勝クラス,芝右1200m ,曇 ,稍重 ,13
8,1:11.0,36.6,8,,21.5,,牝6,55,5,3/4,9,[西]南井克巳,,,11-10,松本好雄,458(-4),メイショウベルボン,9,秋山真一,**,小倉,4歳以上1勝クラス,芝右1200m ,曇 ,稍重 ,13
9,1:11.0,35.6,10,,31.2,,牡5,57,3,クビ,10,[西]池添学,,,16-16,キャロットファーム,466(-4),ミーティアトレイル,5,中谷雄太,**,小倉,4歳以上1勝クラス,芝右1200m ,曇 ,稍重 ,13
10,1:11.2,37.2,14,,103.9,,牡6,57,7,1.1/4,11,[東]武市康男,,,6-8,武市弘,480(-6),タケデンサンダー,13,嶋田純次,**,小倉,4歳以上1勝クラス,芝右1200m ,曇 ,稍重 ,13
11,1:11.3,37.0,15,,124.9,,牝4,54,3,1/2,12,[東]加藤征弘,,,9-12,加藤晃央,458(+2),チャピ,6,荻野極,**,小倉,4歳以上1勝クラス,芝右1200m ,曇 ,稍重 ,13
12,1:11.3,37.6,3,,7.2,,牡4,54,1,クビ,13,[西]石橋守,,,3-3,松本好雄,460(+14),メイショウオニテ,2,斎藤新,**,小倉,4歳以上1勝クラス,芝右1200m ,曇 ,稍重 ,13
13,1:11.4,36.3,16,,299.9,,牝4,51,5,クビ,14,[東]土田稔,,,15-15,島川隆哉,442(0),トーセンダイヤ,10,小林凌大,**,小倉,4歳以上1勝クラス,芝右1200m ,曇 ,稍重 ,13
14,1:11.5,38.5,6,,15.7,,牡5,54,1,1/2,15,[東]高橋裕,,,1-1,大塚亮一,464(+14),トランプ,1,山田敬士,**,小倉,4歳以上1勝クラス,芝右1200m ,曇 ,稍重 ,13
15,1:11.8,38.1,9,,25.0,,牡6,57,7,2,16,[東]小西一男,,,3-4,シルクレーシング,486(0),グラドゥアーレ,14,柴山雄一,**,小倉,4歳以上1勝クラス,芝右1200m ,曇 ,稍重 ,13
0,1:44.1,37.5,3,,4.3,,牡4,56,3,,1,[西]角田晃一,,760.0,6-6-5-3,岡浩二,496(+2),モサ,3,吉田隼人,**,小倉,4歳以上1勝クラス,ダ右1700m ,曇 ,重 ,13
1,1:44.3,37.9,6,,8.8,,牡4,56,4,1.1/4,2,[西]北出成人,,300.0,5-3-3-4,吉岡實,474(-6),カルロスミノル,4,酒井学,**,小倉,4歳以上1勝クラス,ダ右1700m ,曇 ,重 ,13
2,1:44.4,38.2,1,,3.6,,牡4,53,5,3/4,3,[西]池添学,,190.0,2-2-2-1,吉田勝己,472(+2),バンクショット,5,団野大成,**,小倉,4歳以上1勝クラス,ダ右1700m ,曇 ,重 ,13
3,1:44.5,37.4,4,,6.3,,牡4,56,7,1/2,4,[西]松田国英,,110.0,8-9-9-9,社台レースホース,472(-6),プチティラン,7,藤岡佑介,**,小倉,4歳以上1勝クラス,ダ右1700m ,曇 ,重 ,13
4,1:44.6,37.7,5,,7.4,,牡4,56,6,1/2,5,[西]友道康夫,,76.0,7-7-7-5,河合裕明,512(+4),シュッドヴァデル,6,藤岡康太,**,小倉,4歳以上1勝クラス,ダ右1700m ,曇 ,重 ,13
5,1:45.2,38.3,8,,81.2,,牡4,56,1,3.1/2,6,[東]藤原辰雄,,,8-8-7-5,下河辺俊行,472(-4),クラウドスケープ,1,黛弘人,**,小倉,4歳以上1勝クラス,ダ右1700m ,曇 ,重 ,13
6,1:46.6,40.4,7,,14.0,,セ7,55,2,9,7,[東]石毛善彦,,,1-1-1-2,木村牧場,540(0),ウインドオブホープ,2,藤田菜七,**,小倉,4歳以上1勝クラス,ダ右1700m ,曇 ,重 ,13
7,1:47.0,40.3,9,,81.5,,牝4,53,8,2.1/2,8,[東]中野栄治,,,3-3-6-8,岡田牧雄,430(-10),スペロラルーチェ,10,西村淳也,**,小倉,4歳以上1勝クラス,ダ右1700m ,曇 ,重 ,13
8,1:47.1,40.6,2,,4.2,,牡5,57,8,1/2,9,[西]牧田和弥,,,3-5-3-5,嶋田賢,482(+4),ブロッコリー,9,丹内祐次,**,小倉,4歳以上1勝クラス,ダ右1700m ,曇 ,重 ,13
9,1:47.9,40.3,10,,160.3,,牡6,57,7,5,10,[東]的場均,,,10-10-10-10,寳寄山拓樹,538(0),スフィーダグリーン,8,勝浦正樹,**,小倉,4歳以上1勝クラス,ダ右1700m ,曇 ,重 ,13
0,2:41.5,36.7,2,,3.4,,牡5,57,1,,1,[東]高橋祥泰,,760.0,3-2-2-2,ウイン,466(+8),ウインレーヴドール,1,丹内祐次,**,小倉,4歳以上1勝クラス,芝右2600m ,曇 ,稍重 ,14
1,2:42.0,37.5,1,,2.9,,牡4,56,4,3,2,[西]安田隆行,,300.0,1-1-1-1,シルクレーシング,534(-14),サンサルドス,4,藤岡佑介,**,小倉,4歳以上1勝クラス,芝右2600m ,曇 ,稍重 ,14
2,2:42.6,37.7,7,,14.5,,セ6,57,5,3.1/2,3,[東]鹿戸雄一,,190.0,5-5-4-3,嶋田賢,462(+6),ディーグランデ,5,勝浦正樹,**,小倉,4歳以上1勝クラス,芝右2600m ,曇 ,稍重 ,14
3,2:43.6,38.7,3,,6.4,,牡5,55,3,6,4,[東]中野栄治,,110.0,6-6-4-4,森中蕃,456(0),シゲルシイタケ,3,斎藤新,**,小倉,4歳以上1勝クラス,芝右2600m ,曇 ,稍重 ,14
4,2:44.2,39.5,5,,7.6,,牡4,56,2,3.1/2,5,[西]荒川義之,,76.0,2-2-2-5,木部厳生,484(+30),ボンベール,2,田中健,**,小倉,4歳以上1勝クラス,芝右2600m ,曇 ,稍重 ,14
5,2:44.3,38.8,6,,10.6,,牝4,51,7,1/2,6,[西]松永幹夫,,,7-7-7-6,シルクレーシング,452(+6),マイタイムオブデイ,7,団野大成,**,小倉,4歳以上1勝クラス,芝右2600m ,曇 ,稍重 ,14
6,2:44.7,39.0,4,,6.7,,セ5,57,6,2.1/2,7,[東]古賀慎明,,,8-8-8-7,吉田勝己,536(+20),ロビンズソング,6,柴山雄一,**,小倉,4歳以上1勝クラス,芝右2600m ,曇 ,稍重 ,14
7,2:47.0,41.9,8,,47.7,,牡4,56,8,大,8,[西]藤原英昭,,,3-4-6-7,金子真人ホールディングス,472(-4),バニュルス,8,荻野極,**,小倉,4歳以上1勝クラス,芝右2600m ,曇 ,稍重 ,14
0,1:09.9,35.7,8,,17.9,,牡3,56,5,,1,[西]角田晃一,,"1,033.1",2-2,市川義美ホールディングス,488(-4),ディモールト,5,鮫島克駿,**,小倉,萌黄賞 ,芝右1200m ,曇 ,稍重 ,14
1,1:09.9,35.8,6,,10.0,,牝3,54,7,クビ,2,[西]西村真幸,,406.6,1-1,山本剛士,396(0),レジェーロ,8,藤田菜七,**,小倉,萌黄賞 ,芝右1200m ,曇 ,稍重 ,14
2,1:10.4,35.6,5,,7.9,,牝3,54,8,3,3,[西]本田優,,253.3,6-4,松本好隆,472(-8),メイショウマサヒメ,10,酒井学,**,小倉,萌黄賞 ,芝右1200m ,曇 ,稍重 ,14
3,1:10.5,36.2,7,,15.8,,牝3,54,8,3/4,4,[西]西村真幸,,150.0,2-3,ターフ・スポート,430(+10),ルガーサント,9,丸田恭介,**,小倉,萌黄賞 ,芝右1200m ,曇 ,稍重 ,14
4,1:11.1,36.3,4,,6.9,,牝3,54,4,3.1/2,5,[西]加用正,,101.0,6-6,協栄,416(-16),ヒバリ,4,藤岡康太,**,小倉,萌黄賞 ,芝右1200m ,曇 ,稍重 ,14
5,1:11.3,36.8,3,,6.3,,牡3,56,1,1.1/4,6,[西]西園正都,,,4-4,サラブレッドクラブ・ラフィアン,414(-2),マイネルヘルト,1,丹内祐次,**,小倉,萌黄賞 ,芝右1200m ,曇 ,稍重 ,14
6,1:11.7,36.6,9,,122.8,,牡3,56,6,2.1/2,7,[地]井上孝彦,,,9-9,グランデオーナーズ,472(0),アニマーダ,6,佐藤友則,**,小倉,萌黄賞 ,芝右1200m ,曇 ,稍重 ,14
7,1:12.0,37.2,1,,2.3,,牝3,54,2,1.3/4,8,[西]安田隆行,,,6-8,東京ホースレーシング,412(-4),レッドヴェイパー,2,藤岡佑介,**,小倉,萌黄賞 ,芝右1200m ,曇 ,稍重 ,14
8,1:12.3,37.7,2,,5.8,,牝3,54,7,1.1/2,9,[西]須貝尚介,,,5-6,飯田正剛,476(+4),フィールフォーユー,7,横山武史,**,小倉,萌黄賞 ,芝右1200m ,曇 ,稍重 ,14
9,1:13.1,37.6,10,,152.6,,牡3,56,3,5,10,[地]池田忠好,,,10-10,光安了,454(+14),スターオブグリーン,3,岩橋勇二,**,小倉,萌黄賞 ,芝右1200m ,曇 ,稍重 ,14
0,1:44.4,36.0,6,,13.1,,牝4,54,2,,1,[西]高橋亮,,"1,535.0",11-11-10-9,今村明浩,490(-10),パレニア,3,藤岡佑介,**,小倉,響灘特別 ,ダ右1700m ,曇 ,重 ,15
1,1:44.4,36.6,1,,2.7,,牝4,54,3,アタマ,2,[西]松田国英,,610.0,4-4-4-4,東京ホースレーシング,512(+2),レッドシルヴァーナ,6,藤岡康太,**,小倉,響灘特別 ,ダ右1700m ,曇 ,重 ,15
2,1:44.5,36.3,3,,7.9,,牝6,55,4,1/2,3,[西]北出成人,,385.0,9-9-8-7,吉岡實,494(-12),カリーニョミノル,8,吉田隼人,**,小倉,響灘特別 ,ダ右1700m ,曇 ,重 ,15
3,1:44.7,36.8,11,,24.7,,牝4,54,8,1.1/4,4,[西]平田修,,230.0,6-7-5-4,吉田勝己,448(+4),モンオール,16,西村淳也,**,小倉,響灘特別 ,ダ右1700m ,曇 ,重 ,15
4,1:44.8,36.4,4,,9.5,,牝6,55,1,1/2,5,[西]大橋勇樹,,150.0,12-12-10-11,永井啓弍,478(-14),スズカスマート,1,秋山真一,**,小倉,響灘特別 ,ダ右1700m ,曇 ,重 ,15
5,1:44.8,36.9,8,,14.7,,牝5,55,7,アタマ,6,[西]奥村豊,,,6-6-5-7,佐久間拓士,476(-8),フワトロ,14,丸田恭介,**,小倉,響灘特別 ,ダ右1700m ,曇 ,重 ,15
6,1:44.9,36.3,7,,13.6,,牝5,55,2,3/4,7,[西]宮本博,,,12-13-13-11,名古屋友豊,444(0),レンブランサ,4,中井裕二,**,小倉,響灘特別 ,ダ右1700m ,曇 ,重 ,15
7,1:45.0,36.1,5,,12.3,,牝6,55,8,1/2,8,[西]湯窪幸雄,,,14-14-14-14,ヒダカ・ブリーダーズ・ユニオン,450(-2),ワタシノロザリオ,15,菱田裕二,**,小倉,響灘特別 ,ダ右1700m ,曇 ,重 ,15
8,1:45.2,37.0,15,,147.9,,牝5,55,5,1.1/4,9,[西]笹田和秀,,,10-9-8-9,Ｇ１レーシング,486(-12),メリッサーニ,10,荻野極,**,小倉,響灘特別 ,ダ右1700m ,曇 ,重 ,15
9,1:45.5,38.4,9,,17.1,,牝4,54,3,1.3/4,10,[西]寺島良,,,2-2-2-2,ノースヒルズ,518(-2),プリカジュール,5,鮫島克駿,**,小倉,響灘特別 ,ダ右1700m ,曇 ,重 ,15
10,1:45.9,37.9,16,,169.1,,牝5,55,1,2.1/2,11,[西]千田輝彦,,,4-4-5-4,Ｇ１レーシング,502(+6),プロネルクール,2,佐藤友則,**,小倉,響灘特別 ,ダ右1700m ,曇 ,重 ,15
11,1:45.9,38.9,10,,22.8,,牝5,55,7,クビ,12,[西]武幸四郎,,,1-1-1-1,樋口稔,500(-4),アリア,13,団野大成,**,小倉,響灘特別 ,ダ右1700m ,曇 ,重 ,15
12,1:46.1,38.9,2,,5.6,,牝4,54,6,3/4,13,[西]中内田充,,,3-3-2-3,ロードホースクラブ,486(-8),デュアラブル,11,横山武史,**,小倉,響灘特別 ,ダ右1700m ,曇 ,重 ,15
13,1:46.2,37.0,13,,132.7,,牝6,55,6,3/4,14,[東]伊藤大士,,,16-16-16-16,清水敏,448(-4),ツヅク,12,杉原誠人,**,小倉,響灘特別 ,ダ右1700m ,曇 ,重 ,15
14,1:46.4,38.0,14,,143.5,,牝5,55,4,1.1/2,15,[東]石毛善彦,,,6-7-10-11,ノルマンディーサラブレッドレーシング,462(-8),ミラビリア,7,柴田大知,**,小倉,響灘特別 ,ダ右1700m ,曇 ,重 ,15
15,1:46.8,38.0,12,,105.6,,牝5,55,5,2.1/2,16,[東]奥平雅士,,,14-14-14-14,山本武司,480(-6),ルーモス,9,黛弘人,**,小倉,響灘特別 ,ダ右1700m ,曇 ,重 ,15
0,1:49.5,35.0,2,,4.3,,牝4,54,3,,1,[西]今野貞一,,"1,103.4",8-8-9-8,萩英男,458(-8),ナリス,3,藤岡康太,**,小倉,脊振山特別 ,芝右1800m ,曇 ,稍重 ,16
1,1:49.7,36.0,8,,22.2,,牡6,57,6,1.1/4,2,[西]上村洋行,,432.4,1-1-1-1,キャロットファーム,544(+18),パルフェクォーツ,8,荻野極,**,小倉,脊振山特別 ,芝右1800m ,曇 ,稍重 ,16
2,1:49.7,35.3,3,,5.4,,牡4,56,5,アタマ,3,[西]宮徹,,276.2,11-12-7-4,サラブレッドクラブ・ラフィアン,466(0),マイネルウィルトス,7,丹内祐次,**,小倉,脊振山特別 ,芝右1800m ,曇 ,稍重 ,16
3,1:49.9,36.1,6,,13.6,,牡4,56,7,1,4,[西]川村禎彦,,160.0,2-2-2-2,巴山尊文,444(-4),アーデントリー,10,吉田隼人,**,小倉,脊振山特別 ,芝右1800m ,曇 ,稍重 ,16
4,1:50.0,35.9,1,,3.1,,牡4,56,8,1/2,5,[西]高橋義忠,,106.0,5-5-4-4,栗本守,444(+2),クリノオウジャ,12,鮫島克駿,**,小倉,脊振山特別 ,芝右1800m ,曇 ,稍重 ,16
5,1:50.0,36.2,9,,27.9,,牡5,57,8,アタマ,6,[西]鮫島一歩,,,3-3-2-3,Ｇ１レーシング,476(-8),デクレアラー,13,柴山雄一,**,小倉,脊振山特別 ,芝右1800m ,曇 ,稍重 ,16
6,1:50.0,36.0,4,,7.8,,牡4,56,1,クビ,7,[西]池江泰寿,,,3-3-4-4,ゴドルフィン,478(+4),スティーン,1,横山武史,**,小倉,脊振山特別 ,芝右1800m ,曇 ,稍重 ,16
7,1:50.2,35.3,10,,28.2,,牝5,55,5,1,8,[東]青木孝文,,,13-13-11-11,石川秀守,450(-8),ファストライフ,6,西村淳也,**,小倉,脊振山特別 ,芝右1800m ,曇 ,稍重 ,16
8,1:50.7,35.8,12,,66.3,,牡5,57,4,3,9,[東]石毛善彦,,,11-10-11-13,ライオンレースホース,442(+14),ソルフェージュ,4,黛弘人,**,小倉,脊振山特別 ,芝右1800m ,曇 ,稍重 ,16
9,1:50.7,36.1,7,,17.9,,牡4,56,7,ハナ,10,[東]宗像義忠,,,8-9-10-10,薗部博之,460(-4),ヤップヤップヤップ,11,丸田恭介,**,小倉,脊振山特別 ,芝右1800m ,曇 ,稍重 ,16
10,1:50.8,35.9,13,,73.9,,牡5,57,4,3/4,11,[東]高市圭二,,,10-10-11-12,グリーンスウォード,450(-8),ソイルトゥザソウル,5,山田敬士,**,小倉,脊振山特別 ,芝右1800m ,曇 ,稍重 ,16
11,1:50.9,36.9,11,,51.6,,牡6,57,2,1/2,12,[東]杉浦宏昭,,,6-6-4-4,中村徳也,460(+8),ナンヨーマーズ,2,勝浦正樹,**,小倉,脊振山特別 ,芝右1800m ,曇 ,稍重 ,16
12,1:51.2,36.8,5,,9.8,,牡5,57,6,2,13,[東]斎藤誠,,,7-6-7-8,大野富生,520(-2),ギャンブラー,9,斎藤新,**,小倉,脊振山特別 ,芝右1800m ,曇 ,稍重 ,16